BLE,1657201170450450609,DF:A6:DC:DC:2E:81,-47
BLE,1657201170455761807,1E:95:86:E5:03:6E,-48
BLE,1657201170465937536,C0:F8:BB:9D:12:93,-33
BLE,1657201170484973942,1C:2B:1A:96:34:7C,-66
BLE,1657201170494419567,03:4C:A5:66:27:31,-84
BLE,1657201170557293317,DF:A6:DC:DC:2E:81,-52
BLE,1657201170564985661,C0:F8:BB:9D:12:93,-48
BLE,1657201170577902796,4A:98:12:97:61:DA,-75
BLE,1657201170592461702,1C:2B:1A:96:34:7C,-62
BLE,1657201170596317640,03:4C:A5:66:27:31,-83
BLE,1657201170600149567,7E:A1:B6:3A:23:D1,-83
BLE,1657201170614297275,C0:F8:BB:9D:12:93,-49
BLE,1657201170658332848,DF:A6:DC:DC:2E:81,-48
BLE,1657201170660695452,1E:95:86:E5:03:6E,-41
BLE,1657201170686665973,4A:98:12:97:61:DA,-75
BLE,1657201170696679202,1C:2B:1A:96:34:7C,-65
BLE,1657201170714315505,C0:F8:BB:9D:12:93,-33
BLE,1657201170762136859,DF:A6:DC:DC:2E:81,-31
BLE,1657201170769464254,1E:95:86:E5:03:6E,-41
BLE,1657201170779192223,78:76:C3:4C:D7:3E,-73
BLE,1657201170794193838,4A:98:12:97:61:DA,-55
BLE,1657201170800472588,1C:2B:1A:96:34:7C,-66
BLE,1657201170862881390,C0:F8:BB:9D:12:93,-49
BLE,1657201170870361598,DF:A6:DC:DC:2E:81,-35
BLE,1657201170897493734,1C:2B:1A:96:34:7C,-68
BLE,1657201170903666598,4A:98:12:97:61:DA,-69
BLE,1657201170914953994,C0:F8:BB:9D:12:93,-33
BLE,1657201170916225192,7E:A1:B6:3A:23:D1,-70
BLE,1657201170964182067,C0:F8:BB:9D:12:93,-33
BLE,1657201170971810869,DF:A6:DC:DC:2E:81,-47
BLE,1657201171002461025,1C:2B:1A:96:34:7C,-66
BLE,1657201171011463369,C0:F8:BB:9D:12:93,-48
BLE,1657201171014506963,03:4C:A5:66:27:31,-84
BLE,1657201171017792015,7E:A1:B6:3A:23:D1,-80
BLE,1657201171098774150,1C:2B:1A:96:34:7C,-66
BLE,1657201171115851963,C0:F8:BB:9D:12:93,-50
BLE,1657201171122018994,7E:A1:B6:3A:23:D1,-80
BLE,1657201171178025869,DF:A6:DC:DC:2E:81,-47
BLE,1657201171201720400,1C:2B:1A:96:34:7C,-78
BLE,1657201171204181650,78:76:C3:4C:D7:3E,-73
BLE,1657201171212643004,C0:F8:BB:9D:12:93,-48
BLE,1657201171216088629,4A:98:12:97:61:DA,-79
BLE,1657201171231242483,7E:A1:B6:3A:23:D1,-82
BLE,1657201171261395244,C0:F8:BB:9D:12:93,-48
BLE,1657201171282924098,DF:A6:DC:DC:2E:81,-47
BLE,1657201171289053108,1E:95:86:E5:03:6E,-31
BLE,1657201171304451129,1C:2B:1A:96:34:7C,-65
BLE,1657201171312527275,78:76:C3:4C:D7:3E,-70
BLE,1657201171314031650,C0:F8:BB:9D:12:93,-49
BLE,1657201171318188265,4A:98:12:97:61:DA,-63
BLE,1657201171333351338,7E:A1:B6:3A:23:D1,-65
BLE,1657201171365676911,C0:F8:BB:9D:12:93,-50
BLE,1657201171389464098,DF:A6:DC:DC:2E:81,-51
BLE,1657201171391029567,1E:95:86:E5:03:6E,-38
BLE,1657201171425320296,4A:98:12:97:61:DA,-69
BLE,1657201171436933785,03:4C:A5:66:27:31,-85
BLE,1657201171440235035,7E:A1:B6:3A:23:D1,-81
BLE,1657201171461913317,C0:F8:BB:9D:12:93,-48
BLE,1657201171490058473,DF:A6:DC:DC:2E:81,-47
BLE,1657201171501448577,1E:95:86:E5:03:6E,-38
BLE,1657201171527865400,4A:98:12:97:61:DA,-78
BLE,1657201171542577588,03:4C:A5:66:27:31,-83
BLE,1657201171549523525,7E:A1:B6:3A:23:D1,-81
BLE,1657201171565620660,C0:F8:BB:9D:12:93,-50
BLE,1657201171591840348,DF:A6:DC:DC:2E:81,-52
BLE,1657201171605583108,1E:95:86:E5:03:6E,-41
BLE,1657201171611884775,1C:2B:1A:96:34:7C,-50
BLE,1657201171614419515,C0:F8:BB:9D:12:93,-33
BLE,1657201171628827640,78:76:C3:4C:D7:3E,-69
BLE,1657201171632539254,4A:98:12:97:61:DA,-63
BLE,1657201171650311650,7E:A1:B6:3A:23:D1,-80
BLE,1657201171661603733,C0:F8:BB:9D:12:93,-32
BLE,1657201171701469254,DF:A6:DC:DC:2E:81,-52
BLE,1657201171709206702,1C:2B:1A:96:34:7C,-52
BLE,1657201171736582952,78:76:C3:4C:D7:3E,-70
BLE,1657201171747586285,03:4C:A5:66:27:31,-84
BLE,1657201171751984983,7E:A1:B6:3A:23:D1,-80
BLE,1657201171763545087,C0:F8:BB:9D:12:93,-50
BLE,1657201171807776233,1E:95:86:E5:03:6E,-41
BLE,1657201171811249567,1C:2B:1A:96:34:7C,-51
BLE,1657201171814374567,C0:F8:BB:9D:12:93,-49
BLE,1657201171839152639,78:76:C3:4C:D7:3E,-73
BLE,1657201171845380608,4A:98:12:97:61:DA,-67
BLE,1657201171864168785,C0:F8:BB:9D:12:93,-49
BLE,1657201171909694775,1E:95:86:E5:03:6E,-37
BLE,1657201171911222379,1C:2B:1A:96:34:7C,-65
BLE,1657201171917881962,DF:A6:DC:DC:2E:81,-47
BLE,1657201171946049358,78:76:C3:4C:D7:3E,-73
BLE,1657201171964589462,C0:F8:BB:9D:12:93,-49
BLE,1657201172014201337,C0:F8:BB:9D:12:93,-49
BLE,1657201172058478473,4A:98:12:97:61:DA,-75
BLE,1657201172060757639,03:4C:A5:66:27:31,-85
BLE,1657201172062863629,C0:F8:BB:9D:12:93,-51
BLE,1657201172111484046,C0:F8:BB:9D:12:93,-42
BLE,1657201172127711129,1E:95:86:E5:03:6E,-38
BLE,1657201172152941650,78:76:C3:4C:D7:3E,-72
BLE,1657201172159497848,03:4C:A5:66:27:31,-70
BLE,1657201172166614410,4A:98:12:97:61:DA,-72
BLE,1657201172221754931,1C:2B:1A:96:34:7C,-67
BLE,1657201172234505608,1E:95:86:E5:03:6E,-42
BLE,1657201172263836962,03:4C:A5:66:27:31,-84
BLE,1657201172265098212,C0:F8:BB:9D:12:93,-49
BLE,1657201172272649410,7E:A1:B6:3A:23:D1,-69
BLE,1657201172319221129,1C:2B:1A:96:34:7C,-51
BLE,1657201172332999254,14:8C:2B:B5:4F:1C,-89
BLE,1657201172335813160,DF:A6:DC:DC:2E:81,-35
BLE,1657201172341592952,1E:95:86:E5:03:6E,-38
BLE,1657201172362302171,C0:F8:BB:9D:12:93,-48
BLE,1657201172375440660,4A:98:12:97:61:DA,-75
BLE,1657201172414799254,C0:F8:BB:9D:12:93,-49
BLE,1657201172443918108,DF:A6:DC:DC:2E:81,-52
BLE,1657201172445713681,1E:95:86:E5:03:6E,-38
BLE,1657201172465294514,C0:F8:BB:9D:12:93,-49
BLE,1657201172488060191,7E:A1:B6:3A:23:D1,-70
BLE,1657201172513972743,C0:F8:BB:9D:12:93,-49
BLE,1657201172524123889,1C:2B:1A:96:34:7C,-61
BLE,1657201172534126389,14:8C:2B:B5:4F:1C,-88
BLE,1657201172548603941,DF:A6:DC:DC:2E:81,-47
BLE,1657201172562843056,C0:F8:BB:9D:12:93,-48
BLE,1657201172576625816,78:76:C3:4C:D7:3E,-73
BLE,1657201172580837952,4A:98:12:97:61:DA,-62
BLE,1657201172594080816,7E:A1:B6:3A:23:D1,-81
BLE,1657201172611263785,C0:F8:BB:9D:12:93,-49
BLE,1657201172626086181,1C:2B:1A:96:34:7C,-66
BLE,1657201172652837795,1E:95:86:E5:03:6E,-37
BLE,1657201172664067223,C0:F8:BB:9D:12:93,-49
BLE,1657201172689109202,4A:98:12:97:61:DA,-62
BLE,1657201172696948785,7E:A1:B6:3A:23:D1,-80
BLE,1657201172712680712,C0:F8:BB:9D:12:93,-50
BLE,1657201172727882118,1C:2B:1A:96:34:7C,-77
BLE,1657201172753234150,1E:95:86:E5:03:6E,-41
BLE,1657201172764345920,C0:F8:BB:9D:12:93,-33
BLE,1657201172782952222,78:76:C3:4C:D7:3E,-74
BLE,1657201172791353941,03:4C:A5:66:27:31,-82
BLE,1657201172805628889,7E:A1:B6:3A:23:D1,-69
BLE,1657201172811766077,C0:F8:BB:9D:12:93,-48
BLE,1657201172850548368,14:8C:2B:B5:4F:1C,-88
BLE,1657201172858390243,1E:95:86:E5:03:6E,-23
BLE,1657201172864160191,C0:F8:BB:9D:12:93,-45
BLE,1657201172866653160,DF:A6:DC:DC:2E:81,-31
BLE,1657201172886616129,78:76:C3:4C:D7:3E,-70
BLE,1657201172899136077,4A:98:12:97:61:DA,-67
BLE,1657201172909429618,7E:A1:B6:3A:23:D1,-80
BLE,1657201172915874983,C0:F8:BB:9D:12:93,-49
BLE,1657201172937517483,1C:2B:1A:96:34:7C,-51
BLE,1657201172967181858,1E:95:86:E5:03:6E,-37
BLE,1657201172976283108,DF:A6:DC:DC:2E:81,-47
BLE,1657201173000387952,4A:98:12:97:61:DA,-69
BLE,1657201173005690504,03:4C:A5:66:27:31,-72
BLE,1657201173011883264,C0:F8:BB:9D:12:93,-49
BLE,1657201173038693264,1C:2B:1A:96:34:7C,-51
BLE,1657201173064014306,C0:F8:BB:9D:12:93,-49
BLE,1657201173071444774,1E:95:86:E5:03:6E,-23
BLE,1657201173082975764,DF:A6:DC:DC:2E:81,-47
BLE,1657201173104955139,4A:98:12:97:61:DA,-79
BLE,1657201173109318160,03:4C:A5:66:27:31,-87
BLE,1657201173112643941,C0:F8:BB:9D:12:93,-49
BLE,1657201173120561337,7E:A1:B6:3A:23:D1,-82
BLE,1657201173164157899,C0:F8:BB:9D:12:93,-49
BLE,1657201173188058524,DF:A6:DC:DC:2E:81,-52
BLE,1657201173208756337,78:76:C3:4C:D7:3E,-74
BLE,1657201173214295504,C0:F8:BB:9D:12:93,-48
BLE,1657201173219835191,7E:A1:B6:3A:23:D1,-80
BLE,1657201173264263681,C0:F8:BB:9D:12:93,-48
BLE,1657201173276075347,1E:95:86:E5:03:6E,-38
BLE,1657201173291869983,DF:A6:DC:DC:2E:81,-48
BLE,1657201173312011701,C0:F8:BB:9D:12:93,-49
BLE,1657201173348726753,1C:2B:1A:96:34:7C,-65
BLE,1657201173365764618,C0:F8:BB:9D:12:93,-49
BLE,1657201173382055139,1E:95:86:E5:03:6E,-42
BLE,1657201173387915660,14:8C:2B:B5:4F:1C,-90
BLE,1657201173399243160,DF:A6:DC:DC:2E:81,-47
BLE,1657201173417398889,4A:98:12:97:61:DA,-79
BLE,1657201173453719253,1C:2B:1A:96:34:7C,-67
BLE,1657201173463660764,C0:F8:BB:9D:12:93,-48
BLE,1657201173503079514,DF:A6:DC:DC:2E:81,-36
BLE,1657201173514161285,C0:F8:BB:9D:12:93,-49
BLE,1657201173521316337,03:4C:A5:66:27:31,-71
BLE,1657201173524696858,4A:98:12:97:61:DA,-76
BLE,1657201173555445191,1C:2B:1A:96:34:7C,-52
BLE,1657201173563204149,C0:F8:BB:9D:12:93,-49
BLE,1657201173607289305,DF:A6:DC:DC:2E:81,-47
BLE,1657201173612878993,C0:F8:BB:9D:12:93,-50
BLE,1657201173623543003,4A:98:12:97:61:DA,-78
BLE,1657201173626784462,03:4C:A5:66:27:31,-88
BLE,1657201173628964410,78:76:C3:4C:D7:3E,-69
BLE,1657201173633893316,7E:A1:B6:3A:23:D1,-83
BLE,1657201173653611753,1C:2B:1A:96:34:7C,-75
BLE,1657201173701865816,1E:95:86:E5:03:6E,-38
BLE,1657201173710370139,DF:A6:DC:DC:2E:81,-48
BLE,1657201173714061128,C0:F8:BB:9D:12:93,-47
BLE,1657201173742702118,7E:A1:B6:3A:23:D1,-80
BLE,1657201173757474774,1C:2B:1A:96:34:7C,-67
BLE,1657201173764744305,C0:F8:BB:9D:12:93,-49
BLE,1657201173816189722,C0:F8:BB:9D:12:93,-50
BLE,1657201173817721389,DF:A6:DC:DC:2E:81,-52
BLE,1657201173831441545,03:4C:A5:66:27:31,-85
BLE,1657201173835896597,4A:98:12:97:61:DA,-74
BLE,1657201173837880660,78:76:C3:4C:D7:3E,-74
BLE,1657201173846950712,7E:A1:B6:3A:23:D1,-81
BLE,1657201173856694097,1C:2B:1A:96:34:7C,-71
BLE,1657201173864171076,C0:F8:BB:9D:12:93,-49
BLE,1657201173908659462,14:8C:2B:B5:4F:1C,-87
BLE,1657201173912642326,C0:F8:BB:9D:12:93,-47
BLE,1657201173927407899,DF:A6:DC:DC:2E:81,-53
BLE,1657201173941020712,4A:98:12:97:61:DA,-69
BLE,1657201173946590868,78:76:C3:4C:D7:3E,-71
BLE,1657201173950080660,7E:A1:B6:3A:23:D1,-83
BLE,1657201173956604722,1C:2B:1A:96:34:7C,-67
BLE,1657201173961324149,C0:F8:BB:9D:12:93,-47
BLE,1657201174013754201,C0:F8:BB:9D:12:93,-44
BLE,1657201174031068107,DF:A6:DC:DC:2E:81,-48
BLE,1657201174034242482,03:4C:A5:66:27:31,-84
BLE,1657201174046324462,4A:98:12:97:61:DA,-78
BLE,1657201174051626441,7E:A1:B6:3A:23:D1,-68
BLE,1657201174054980139,78:76:C3:4C:D7:3E,-57
BLE,1657201174056786909,1C:2B:1A:96:34:7C,-70
BLE,1657201174063612378,C0:F8:BB:9D:12:93,-33
BLE,1657201174133125243,DF:A6:DC:DC:2E:81,-53
BLE,1657201174151680191,4A:98:12:97:61:DA,-75
BLE,1657201174155564097,1C:2B:1A:96:34:7C,-66
BLE,1657201174164028264,C0:F8:BB:9D:12:93,-48
BLE,1657201174213972326,C0:F8:BB:9D:12:93,-49
BLE,1657201174237883264,DF:A6:DC:DC:2E:81,-48
BLE,1657201174245131545,03:4C:A5:66:27:31,-83
BLE,1657201174331671961,1E:95:86:E5:03:6E,-23
BLE,1657201174334195347,14:8C:2B:B5:4F:1C,-87
BLE,1657201174341515086,DF:A6:DC:DC:2E:81,-47
BLE,1657201174344473211,03:4C:A5:66:27:31,-90
BLE,1657201174357959253,1C:2B:1A:96:34:7C,-66
BLE,1657201174368966857,7E:A1:B6:3A:23:D1,-82
BLE,1657201174376082482,78:76:C3:4C:D7:3E,-80
BLE,1657201174411548628,C0:F8:BB:9D:12:93,-48
BLE,1657201174439084045,1E:95:86:E5:03:6E,-41
BLE,1657201174447706180,DF:A6:DC:DC:2E:81,-36
BLE,1657201174456739930,1C:2B:1A:96:34:7C,-66
BLE,1657201174464129722,C0:F8:BB:9D:12:93,-50
BLE,1657201174474804878,7E:A1:B6:3A:23:D1,-80
BLE,1657201174516007534,C0:F8:BB:9D:12:93,-33
BLE,1657201174544185763,1E:95:86:E5:03:6E,-37
BLE,1657201174561770659,1C:2B:1A:96:34:7C,-65
BLE,1657201174564108628,C0:F8:BB:9D:12:93,-48
BLE,1657201174580625711,7E:A1:B6:3A:23:D1,-83
BLE,1657201174584177118,78:76:C3:4C:D7:3E,-75
BLE,1657201174612977013,C0:F8:BB:9D:12:93,-48
BLE,1657201174654418003,DF:A6:DC:DC:2E:81,-47
BLE,1657201174663679982,C0:F8:BB:9D:12:93,-49
BLE,1657201174669780711,4A:98:12:97:61:DA,-76
BLE,1657201174686520711,7E:A1:B6:3A:23:D1,-83
BLE,1657201174711771180,C0:F8:BB:9D:12:93,-50
BLE,1657201174744797222,1E:95:86:E5:03:6E,-38
BLE,1657201174760518732,14:8C:2B:B5:4F:1C,-76
BLE,1657201174764110190,C0:F8:BB:9D:12:93,-49
BLE,1657201174775348420,4A:98:12:97:61:DA,-70
BLE,1657201174814339305,C0:F8:BB:9D:12:93,-48
BLE,1657201174864496284,C0:F8:BB:9D:12:93,-50
BLE,1657201174866659357,1C:2B:1A:96:34:7C,-77
BLE,1657201174869309617,DF:A6:DC:DC:2E:81,-48
BLE,1657201174880421232,4A:98:12:97:61:DA,-78
BLE,1657201174899437013,7E:A1:B6:3A:23:D1,-71
BLE,1657201174913628472,C0:F8:BB:9D:12:93,-50
BLE,1657201174953340920,1E:95:86:E5:03:6E,-42
BLE,1657201174963011232,14:8C:2B:B5:4F:1C,-86
BLE,1657201174965633003,C0:F8:BB:9D:12:93,-49
BLE,1657201174973360711,DF:A6:DC:DC:2E:81,-31
BLE,1657201174983585920,4A:98:12:97:61:DA,-75
BLE,1657201175061092742,1E:95:86:E5:03:6E,-38
BLE,1657201175064417847,C0:F8:BB:9D:12:93,-48
BLE,1657201175067483107,1C:2B:1A:96:34:7C,-77
BLE,1657201175115293784,C0:F8:BB:9D:12:93,-50
BLE,1657201175163868055,C0:F8:BB:9D:12:93,-49
BLE,1657201175169246076,1C:2B:1A:96:34:7C,-50
BLE,1657201175183822378,DF:A6:DC:DC:2E:81,-48
BLE,1657201175193730607,4A:98:12:97:61:DA,-82
BLE,1657201175209007274,7E:A1:B6:3A:23:D1,-88
BLE,1657201175211015086,78:76:C3:4C:D7:3E,-75
BLE,1657201175261125763,C0:F8:BB:9D:12:93,-48
BLE,1657201175277775399,1E:95:86:E5:03:6E,-37
BLE,1657201175311574357,C0:F8:BB:9D:12:93,-48
BLE,1657201175315236128,7E:A1:B6:3A:23:D1,-65
BLE,1657201175383361284,1E:95:86:E5:03:6E,-41
BLE,1657201175389534253,DF:A6:DC:DC:2E:81,-51
BLE,1657201175414886805,C0:F8:BB:9D:12:93,-49
BLE,1657201175419464096,7E:A1:B6:3A:23:D1,-81
BLE,1657201175482570867,14:8C:2B:B5:4F:1C,-87
BLE,1657201175490889305,1E:95:86:E5:03:6E,-38
BLE,1657201175514021336,C0:F8:BB:9D:12:93,-48
BLE,1657201175523468940,78:76:C3:4C:D7:3E,-62
BLE,1657201175576259930,1C:2B:1A:96:34:7C,-67
BLE,1657201175599079148,1E:95:86:E5:03:6E,-72
BLE,1657201175608523471,4A:98:12:97:61:DA,-69
BLE,1657201175613838680,C0:F8:BB:9D:12:93,-50
BLE,1657201175638862169,7E:A1:B6:3A:23:D1,-81
BLE,1657201175663012378,C0:F8:BB:9D:12:93,-50
BLE,1657201175684924357,1C:2B:1A:96:34:7C,-65
BLE,1657201175705435659,DF:A6:DC:DC:2E:81,-51
BLE,1657201175713990398,C0:F8:BB:9D:12:93,-48
BLE,1657201175761201128,C0:F8:BB:9D:12:93,-48
BLE,1657201175803575450,1E:95:86:E5:03:6E,-38
BLE,1657201175814316596,C0:F8:BB:9D:12:93,-50
BLE,1657201175818536232,4A:98:12:97:61:DA,-64
BLE,1657201175842337586,78:76:C3:4C:D7:3E,-74
BLE,1657201175866029617,C0:F8:BB:9D:12:93,-34
BLE,1657201175889396075,1C:2B:1A:96:34:7C,-64
BLE,1657201175922405346,4A:98:12:97:61:DA,-70
BLE,1657201175945502898,78:76:C3:4C:D7:3E,-57
BLE,1657201175955843159,7E:A1:B6:3A:23:D1,-82
BLE,1657201175963178680,C0:F8:BB:9D:12:93,-32
BLE,1657201176000129825,14:8C:2B:B5:4F:1C,-86
BLE,1657201176019548211,1E:95:86:E5:03:6E,-38
BLE,1657201176022299305,DF:A6:DC:DC:2E:81,-52
BLE,1657201176031175815,4A:98:12:97:61:DA,-78
BLE,1657201176056585711,7E:A1:B6:3A:23:D1,-81
BLE,1657201176090043367,1C:2B:1A:96:34:7C,-65
BLE,1657201176118569252,1E:95:86:E5:03:6E,-38
BLE,1657201176126347221,DF:A6:DC:DC:2E:81,-47
BLE,1657201176135413419,4A:98:12:97:61:DA,-77
BLE,1657201176157901648,78:76:C3:4C:D7:3E,-77
BLE,1657201176162312377,C0:F8:BB:9D:12:93,-48
BLE,1657201176163251492,7E:A1:B6:3A:23:D1,-80
BLE,1657201176188062429,1C:2B:1A:96:34:7C,-69
BLE,1657201176231821596,DF:A6:DC:DC:2E:81,-31
BLE,1657201176239190242,4A:98:12:97:61:DA,-70
BLE,1657201176262828159,C0:F8:BB:9D:12:93,-49
BLE,1657201176269538263,7E:A1:B6:3A:23:D1,-85
BLE,1657201176289362846,1C:2B:1A:96:34:7C,-50
BLE,1657201176314198992,C0:F8:BB:9D:12:93,-49
BLE,1657201176316866909,14:8C:2B:B5:4F:1C,-74
BLE,1657201176331585815,1E:95:86:E5:03:6E,-42
BLE,1657201176336866909,03:4C:A5:66:27:31,-70
BLE,1657201176339196700,DF:A6:DC:DC:2E:81,-67
BLE,1657201176367554982,78:76:C3:4C:D7:3E,-88
BLE,1657201176368255815,7E:A1:B6:3A:23:D1,-88
BLE,1657201176388049461,1C:2B:1A:96:34:7C,-72
BLE,1657201176413448731,C0:F8:BB:9D:12:93,-49
BLE,1657201176425184513,14:8C:2B:B5:4F:1C,-73
BLE,1657201176431644825,1E:95:86:E5:03:6E,-38
BLE,1657201176451115398,4A:98:12:97:61:DA,-80
BLE,1657201176464042169,C0:F8:BB:9D:12:93,-50
BLE,1657201176469092169,78:76:C3:4C:D7:3E,-76
BLE,1657201176473875398,7E:A1:B6:3A:23:D1,-82
BLE,1657201176488058315,1C:2B:1A:96:34:7C,-57
BLE,1657201176513968627,C0:F8:BB:9D:12:93,-49
BLE,1657201176544116804,03:4C:A5:66:27:31,-82
BLE,1657201176551536440,DF:A6:DC:DC:2E:81,-47
BLE,1657201176555382377,4A:98:12:97:61:DA,-71
BLE,1657201176562906804,C0:F8:BB:9D:12:93,-49
BLE,1657201176575015919,78:76:C3:4C:D7:3E,-57
BLE,1657201176592597690,1C:2B:1A:96:34:7C,-71
BLE,1657201176643470450,1E:95:86:E5:03:6E,-36
BLE,1657201176653824617,DF:A6:DC:DC:2E:81,-51
BLE,1657201176676037481,78:76:C3:4C:D7:3E,-77
BLE,1657201176679009877,7E:A1:B6:3A:23:D1,-71
BLE,1657201176690370242,1C:2B:1A:96:34:7C,-73
BLE,1657201176714205086,C0:F8:BB:9D:12:93,-51
BLE,1657201176739182221,14:8C:2B:B5:4F:1C,-71
BLE,1657201176750179148,03:4C:A5:66:27:31,-81
BLE,1657201176763223627,DF:A6:DC:DC:2E:81,-51
BLE,1657201176769867846,4A:98:12:97:61:DA,-79
BLE,1657201176778574252,78:76:C3:4C:D7:3E,-70
BLE,1657201176784302950,7E:A1:B6:3A:23:D1,-82
BLE,1657201176791636961,1C:2B:1A:96:34:7C,-57
BLE,1657201176863196388,C0:F8:BB:9D:12:93,-48
BLE,1657201176877407221,4A:98:12:97:61:DA,-76
BLE,1657201176887078210,7E:A1:B6:3A:23:D1,-81
BLE,1657201176892404513,1C:2B:1A:96:34:7C,-73
BLE,1657201176914704513,C0:F8:BB:9D:12:93,-50
BLE,1657201176954774460,1E:95:86:E5:03:6E,-38
BLE,1657201176965680033,C0:F8:BB:9D:12:93,-49
BLE,1657201176986516231,4A:98:12:97:61:DA,-76
BLE,1657201176989336440,7E:A1:B6:3A:23:D1,-87
BLE,1657201177056479773,1E:95:86:E5:03:6E,-36
BLE,1657201177081746648,DF:A6:DC:DC:2E:81,-50
BLE,1657201177096066023,78:76:C3:4C:D7:3E,-71
BLE,1657201177189806127,DF:A6:DC:DC:2E:81,-51
BLE,1657201177197996596,1C:2B:1A:96:34:7C,-72
BLE,1657201177215413367,C0:F8:BB:9D:12:93,-49
BLE,1657201177262234304,1E:95:86:E5:03:6E,-37
BLE,1657201177295368002,DF:A6:DC:DC:2E:81,-47
BLE,1657201177305079044,1C:2B:1A:96:34:7C,-66
BLE,1657201177309125085,7E:A1:B6:3A:23:D1,-82
BLE,1657201177311877950,C0:F8:BB:9D:12:93,-33
BLE,1657201177362896023,C0:F8:BB:9D:12:93,-50
BLE,1657201177369506439,1E:95:86:E5:03:6E,-37
BLE,1657201177398531804,DF:A6:DC:DC:2E:81,-46
BLE,1657201177400465606,1C:2B:1A:96:34:7C,-70
BLE,1657201177415630085,C0:F8:BB:9D:12:93,-49
BLE,1657201177463092950,C0:F8:BB:9D:12:93,-33
BLE,1657201177471724877,1E:95:86:E5:03:6E,-39
BLE,1657201177481470710,03:4C:A5:66:27:31,-82
BLE,1657201177504164616,4A:98:12:97:61:DA,-66
BLE,1657201177507757741,DF:A6:DC:DC:2E:81,-34
BLE,1657201177511608679,C0:F8:BB:9D:12:93,-49
BLE,1657201177561961335,C0:F8:BB:9D:12:93,-49
BLE,1657201177611380762,1C:2B:1A:96:34:7C,-73
BLE,1657201177612880762,C0:F8:BB:9D:12:93,-51
BLE,1657201177625406283,7E:A1:B6:3A:23:D1,-82
BLE,1657201177665517637,C0:F8:BB:9D:12:93,-51
BLE,1657201177717972950,4A:98:12:97:61:DA,-79
BLE,1657201177764308523,C0:F8:BB:9D:12:93,-48
BLE,1657201177784870606,1E:95:86:E5:03:6E,-38
BLE,1657201177796872846,03:4C:A5:66:27:31,-82
BLE,1657201177812522846,C0:F8:BB:9D:12:93,-50
BLE,1657201177820003627,1C:2B:1A:96:34:7C,-65
BLE,1657201177822839356,4A:98:12:97:61:DA,-78
BLE,1657201177861938262,C0:F8:BB:9D:12:93,-50
BLE,1657201177899012168,03:4C:A5:66:27:31,-83
BLE,1657201177914021908,C0:F8:BB:9D:12:93,-50
BLE,1657201177920475398,1C:2B:1A:96:34:7C,-61
BLE,1657201177926814668,DF:A6:DC:DC:2E:81,-47
BLE,1657201177936825345,78:76:C3:4C:D7:3E,-78
BLE,1657201177942150502,7E:A1:B6:3A:23:D1,-80
BLE,1657201177961043418,C0:F8:BB:9D:12:93,-49
BLE,1657201178002879460,1E:95:86:E5:03:6E,-37
BLE,1657201178018077220,1C:2B:1A:96:34:7C,-74
BLE,1657201178044534825,7E:A1:B6:3A:23:D1,-83
BLE,1657201178062746023,C0:F8:BB:9D:12:93,-50
BLE,1657201178107266075,1E:95:86:E5:03:6E,-41
BLE,1657201178115848835,C0:F8:BB:9D:12:93,-49
BLE,1657201178136068106,DF:A6:DC:DC:2E:81,-51
BLE,1657201178138499200,4A:98:12:97:61:DA,-78
BLE,1657201178163651856,C0:F8:BB:9D:12:93,-48
BLE,1657201178210905918,03:4C:A5:66:27:31,-84
BLE,1657201178216017168,1E:95:86:E5:03:6E,-42
BLE,1657201178242976752,4A:98:12:97:61:DA,-70
BLE,1657201178246087116,78:76:C3:4C:D7:3E,-94
BLE,1657201178264414043,C0:F8:BB:9D:12:93,-50
BLE,1657201178311682220,C0:F8:BB:9D:12:93,-50
BLE,1657201178313933627,03:4C:A5:66:27:31,-81
BLE,1657201178326770293,1C:2B:1A:96:34:7C,-73
BLE,1657201178345514616,4A:98:12:97:61:DA,-79
BLE,1657201178364337012,C0:F8:BB:9D:12:93,-50
BLE,1657201178413953522,C0:F8:BB:9D:12:93,-48
BLE,1657201178417117741,03:4C:A5:66:27:31,-83
BLE,1657201178427029043,1E:95:86:E5:03:6E,-68
BLE,1657201178449294929,4A:98:12:97:61:DA,-78
BLE,1657201178460522793,78:76:C3:4C:D7:3E,-85
BLE,1657201178513227429,C0:F8:BB:9D:12:93,-50
BLE,1657201178531741283,1E:95:86:E5:03:6E,-41
BLE,1657201178547997793,DF:A6:DC:DC:2E:81,-47
BLE,1657201178562894616,78:76:C3:4C:D7:3E,-76
BLE,1657201178568402481,7E:A1:B6:3A:23:D1,-80
BLE,1657201178633146335,03:4C:A5:66:27:31,-83
BLE,1657201178636301647,1C:2B:1A:96:34:7C,-74
BLE,1657201178640343106,1E:95:86:E5:03:6E,-38
BLE,1657201178656652845,4A:98:12:97:61:DA,-79
BLE,1657201178663659981,78:76:C3:4C:D7:3E,-83
BLE,1657201178674183470,7E:A1:B6:3A:23:D1,-83
BLE,1657201178712399720,C0:F8:BB:9D:12:93,-50
BLE,1657201178736338262,1C:2B:1A:96:34:7C,-73
BLE,1657201178737915606,03:4C:A5:66:27:31,-86
BLE,1657201178741849720,14:8C:2B:B5:4F:1C,-92
BLE,1657201178752105554,DF:A6:DC:DC:2E:81,-46
BLE,1657201178765643574,C0:F8:BB:9D:12:93,-49
BLE,1657201178813606960,C0:F8:BB:9D:12:93,-49
BLE,1657201178851015970,1E:95:86:E5:03:6E,-42
BLE,1657201178862596856,C0:F8:BB:9D:12:93,-48
BLE,1657201178915102637,C0:F8:BB:9D:12:93,-50
BLE,1657201178945393470,03:4C:A5:66:27:31,-82
BLE,1657201178947552585,1C:2B:1A:96:34:7C,-65
BLE,1657201178954514251,DF:A6:DC:DC:2E:81,-46
BLE,1657201178955994303,1E:95:86:E5:03:6E,-23
BLE,1657201178964151647,C0:F8:BB:9D:12:93,-50
BLE,1657201178971647533,78:76:C3:4C:D7:3E,-77
BLE,1657201179013659043,C0:F8:BB:9D:12:93,-49
BLE,1657201179044557012,03:4C:A5:66:27:31,-84
BLE,1657201179046154251,1C:2B:1A:96:34:7C,-72
BLE,1657201179059546230,1E:95:86:E5:03:6E,-37
BLE,1657201179064090085,C0:F8:BB:9D:12:93,-48
BLE,1657201179074947741,4A:98:12:97:61:DA,-70
BLE,1657201179081067949,78:76:C3:4C:D7:3E,-76
BLE,1657201179112935814,C0:F8:BB:9D:12:93,-49
BLE,1657201179150641855,03:4C:A5:66:27:31,-82
BLE,1657201179165562220,DF:A6:DC:DC:2E:81,-47
BLE,1657201179203127845,7E:A1:B6:3A:23:D1,-80
BLE,1657201179213720762,C0:F8:BB:9D:12:93,-33
BLE,1657201179253369147,14:8C:2B:B5:4F:1C,-76
BLE,1657201179260315293,03:4C:A5:66:27:31,-82
BLE,1657201179264021803,C0:F8:BB:9D:12:93,-49
BLE,1657201179274845241,DF:A6:DC:DC:2E:81,-47
BLE,1657201179283633157,4A:98:12:97:61:DA,-78
BLE,1657201179292611335,78:76:C3:4C:D7:3E,-83
BLE,1657201179305584980,7E:A1:B6:3A:23:D1,-83
BLE,1657201179314259095,C0:F8:BB:9D:12:93,-33
BLE,1657201179342680085,1C:2B:1A:96:34:7C,-74
BLE,1657201179354446387,14:8C:2B:B5:4F:1C,-86
BLE,1657201179361592168,03:4C:A5:66:27:31,-82
BLE,1657201179364867480,C0:F8:BB:9D:12:93,-39
BLE,1657201179376555189,1E:95:86:E5:03:6E,-35
BLE,1657201179380125449,DF:A6:DC:DC:2E:81,-30
BLE,1657201179383043262,4A:98:12:97:61:DA,-78
BLE,1657201179397961543,78:76:C3:4C:D7:3E,-64
BLE,1657201179411725345,C0:F8:BB:9D:12:93,-51
BLE,1657201179462901334,C0:F8:BB:9D:12:93,-49
BLE,1657201179483662324,DF:A6:DC:DC:2E:81,-50
BLE,1657201179485281803,1E:95:86:E5:03:6E,-37
BLE,1657201179514075605,C0:F8:BB:9D:12:93,-48
BLE,1657201179517102116,7E:A1:B6:3A:23:D1,-81
BLE,1657201179546386178,1C:2B:1A:96:34:7C,-74
BLE,1657201179563208053,C0:F8:BB:9D:12:93,-33
BLE,1657201179584420032,DF:A6:DC:DC:2E:81,-46
BLE,1657201179589237897,1E:95:86:E5:03:6E,-42
BLE,1657201179606838053,78:76:C3:4C:D7:3E,-84
BLE,1657201179614256595,C0:F8:BB:9D:12:93,-51
BLE,1657201179651792428,1C:2B:1A:96:34:7C,-72
BLE,1657201179661580032,C0:F8:BB:9D:12:93,-50
BLE,1657201179691737532,4A:98:12:97:61:DA,-78
BLE,1657201179755643053,1C:2B:1A:96:34:7C,-66
BLE,1657201179764256959,C0:F8:BB:9D:12:93,-33
BLE,1657201179782005241,03:4C:A5:66:27:31,-82
BLE,1657201179799188991,4A:98:12:97:61:DA,-65
BLE,1657201179812067064,C0:F8:BB:9D:12:93,-49
BLE,1657201179822929980,78:76:C3:4C:D7:3E,-78
BLE,1657201179829253105,7E:A1:B6:3A:23:D1,-70
BLE,1657201179851362532,1C:2B:1A:96:34:7C,-72
BLE,1657201179893423886,1E:95:86:E5:03:6E,-37
BLE,1657201179899336178,DF:A6:DC:DC:2E:81,-30
BLE,1657201179906281074,4A:98:12:97:61:DA,-72
BLE,1657201179915389928,C0:F8:BB:9D:12:93,-49
BLE,1657201179929387897,78:76:C3:4C:D7:3E,-57
BLE,1657201179949329772,1C:2B:1A:96:34:7C,-74
BLE,1657201179988418470,03:4C:A5:66:27:31,-71
BLE,1657201180002119668,1E:95:86:E5:03:6E,-37
BLE,1657201180004398678,DF:A6:DC:DC:2E:81,-51
BLE,1657201180008807741,4A:98:12:97:61:DA,-79
BLE,1657201180011339980,C0:F8:BB:9D:12:93,-48
BLE,1657201180034237584,7E:A1:B6:3A:23:D1,-80
BLE,1657201180036811699,78:76:C3:4C:D7:3E,-73
BLE,1657201180065010084,C0:F8:BB:9D:12:93,-50
BLE,1657201180092759876,14:8C:2B:B5:4F:1C,-85
BLE,1657201180093987584,03:4C:A5:66:27:31,-82
BLE,1657201180101626647,1E:95:86:E5:03:6E,-38
BLE,1657201180107370293,DF:A6:DC:DC:2E:81,-47
BLE,1657201180114999407,C0:F8:BB:9D:12:93,-39
BLE,1657201180137945188,78:76:C3:4C:D7:3E,-76
BLE,1657201180140284355,7E:A1:B6:3A:23:D1,-83
BLE,1657201180155112688,1C:2B:1A:96:34:7C,-76
BLE,1657201180164475813,C0:F8:BB:9D:12:93,-50
BLE,1657201180205907740,1E:95:86:E5:03:6E,-35
BLE,1657201180211613990,C0:F8:BB:9D:12:93,-49
BLE,1657201180214224199,DF:A6:DC:DC:2E:81,-30
BLE,1657201180216776751,4A:98:12:97:61:DA,-78
BLE,1657201180239188834,7E:A1:B6:3A:23:D1,-81
BLE,1657201180246198261,78:76:C3:4C:D7:3E,-57
BLE,1657201180256828470,1C:2B:1A:96:34:7C,-70
BLE,1657201180260777897,C0:F8:BB:9D:12:93,-49
BLE,1657201180300977376,03:4C:A5:66:27:31,-69
BLE,1657201180309304928,1E:95:86:E5:03:6E,-42
BLE,1657201180311629251,C0:F8:BB:9D:12:93,-32
BLE,1657201180319136751,4A:98:12:97:61:DA,-78
BLE,1657201180351379772,78:76:C3:4C:D7:3E,-82
BLE,1657201180408182740,14:8C:2B:B5:4F:1C,-86
BLE,1657201180416140449,1E:95:86:E5:03:6E,-38
BLE,1657201180425618574,4A:98:12:97:61:DA,-70
BLE,1657201180447186647,7E:A1:B6:3A:23:D1,-82
BLE,1657201180460130813,78:76:C3:4C:D7:3E,-70
BLE,1657201180461734251,1C:2B:1A:96:34:7C,-71
BLE,1657201180506653209,03:4C:A5:66:27:31,-83
BLE,1657201180514856855,C0:F8:BB:9D:12:93,-50
BLE,1657201180523420084,1E:95:86:E5:03:6E,-37
BLE,1657201180526804042,4A:98:12:97:61:DA,-67
BLE,1657201180534302011,DF:A6:DC:DC:2E:81,-47
BLE,1657201180552997532,7E:A1:B6:3A:23:D1,-79
BLE,1657201180560518522,78:76:C3:4C:D7:3E,-73
BLE,1657201180565007897,C0:F8:BB:9D:12:93,-33
BLE,1657201180566790292,1C:2B:1A:96:34:7C,-50
BLE,1657201180611991647,03:4C:A5:66:27:31,-84
BLE,1657201180614269615,C0:F8:BB:9D:12:93,-50
BLE,1657201180630927063,1E:95:86:E5:03:6E,-37
BLE,1657201180640074511,DF:A6:DC:DC:2E:81,-46
BLE,1657201180655806230,7E:A1:B6:3A:23:D1,-83
BLE,1657201180661675553,C0:F8:BB:9D:12:93,-49
BLE,1657201180664295032,1C:2B:1A:96:34:7C,-70
BLE,1657201180714872792,C0:F8:BB:9D:12:93,-41
BLE,1657201180731848938,4A:98:12:97:61:DA,-78
BLE,1657201180738622897,1E:95:86:E5:03:6E,-42
BLE,1657201180756021594,7E:A1:B6:3A:23:D1,-79
BLE,1657201180764717272,C0:F8:BB:9D:12:93,-39
BLE,1657201180769284042,1C:2B:1A:96:34:7C,-66
BLE,1657201180773858209,78:76:C3:4C:D7:3E,-82
BLE,1657201180814220605,C0:F8:BB:9D:12:93,-50
BLE,1657201180836156803,4A:98:12:97:61:DA,-65
BLE,1657201180854997324,DF:A6:DC:DC:2E:81,-47
BLE,1657201180864874094,7E:A1:B6:3A:23:D1,-81
BLE,1657201180867572376,1C:2B:1A:96:34:7C,-70
BLE,1657201180881813417,78:76:C3:4C:D7:3E,-75
BLE,1657201180911850969,C0:F8:BB:9D:12:93,-50
BLE,1657201180926945084,14:8C:2B:B5:4F:1C,-88
BLE,1657201180948503521,1E:95:86:E5:03:6E,-37
BLE,1657201180954715761,DF:A6:DC:DC:2E:81,-46
BLE,1657201180964851699,C0:F8:BB:9D:12:93,-50
BLE,1657201180966590032,7E:A1:B6:3A:23:D1,-83
BLE,1657201180971795605,1C:2B:1A:96:34:7C,-50
BLE,1657201180988073782,78:76:C3:4C:D7:3E,-71
BLE,1657201181014717376,C0:F8:BB:9D:12:93,-49
BLE,1657201181049458678,4A:98:12:97:61:DA,-78
BLE,1657201181054870709,1E:95:86:E5:03:6E,-42
BLE,1657201181061142323,DF:A6:DC:DC:2E:81,-50
BLE,1657201181070129823,1C:2B:1A:96:34:7C,-70
BLE,1657201181071649303,7E:A1:B6:3A:23:D1,-81
BLE,1657201181094418938,78:76:C3:4C:D7:3E,-80
BLE,1657201181111597063,C0:F8:BB:9D:12:93,-50
BLE,1657201181150485657,4A:98:12:97:61:DA,-78
BLE,1657201181160467011,1E:95:86:E5:03:6E,-38
BLE,1657201181164024615,C0:F8:BB:9D:12:93,-44
BLE,1657201181169008990,DF:A6:DC:DC:2E:81,-47
BLE,1657201181176234980,1C:2B:1A:96:34:7C,-50
BLE,1657201181203895448,78:76:C3:4C:D7:3E,-83
BLE,1657201181213192167,C0:F8:BB:9D:12:93,-51
BLE,1657201181250146386,4A:98:12:97:61:DA,-77
BLE,1657201181263039146,C0:F8:BB:9D:12:93,-50
BLE,1657201181279351646,1C:2B:1A:96:34:7C,-76
BLE,1657201181282180553,7E:A1:B6:3A:23:D1,-82
BLE,1657201181355517271,4A:98:12:97:61:DA,-78
BLE,1657201181364376750,C0:F8:BB:9D:12:93,-33
BLE,1657201181369858209,1E:95:86:E5:03:6E,-48
BLE,1657201181378683417,DF:A6:DC:DC:2E:81,-51
BLE,1657201181414075605,C0:F8:BB:9D:12:93,-50
BLE,1657201181416168730,78:76:C3:4C:D7:3E,-71
BLE,1657201181458024511,4A:98:12:97:61:DA,-56
BLE,1657201181466108782,C0:F8:BB:9D:12:93,-49
BLE,1657201181475542219,1E:95:86:E5:03:6E,-38
BLE,1657201181495563209,7E:A1:B6:3A:23:D1,-81
BLE,1657201181517657219,78:76:C3:4C:D7:3E,-82
BLE,1657201181557019667,03:4C:A5:66:27:31,-82
BLE,1657201181578461542,1E:95:86:E5:03:6E,-37
BLE,1657201181591390813,1C:2B:1A:96:34:7C,-74
BLE,1657201181601588782,7E:A1:B6:3A:23:D1,-82
BLE,1657201181610961177,C0:F8:BB:9D:12:93,-49
BLE,1657201181624222167,78:76:C3:4C:D7:3E,-77
BLE,1657201181686745917,DF:A6:DC:DC:2E:81,-47
BLE,1657201181690539927,1C:2B:1A:96:34:7C,-51
BLE,1657201181714007896,C0:F8:BB:9D:12:93,-48
BLE,1657201181779262844,4A:98:12:97:61:DA,-79
BLE,1657201181781666021,1E:95:86:E5:03:6E,-37
BLE,1657201181791947375,DF:A6:DC:DC:2E:81,-46
BLE,1657201181810539407,7E:A1:B6:3A:23:D1,-80
BLE,1657201181835131386,78:76:C3:4C:D7:3E,-85
BLE,1657201181862104094,C0:F8:BB:9D:12:93,-50
BLE,1657201181881628313,03:4C:A5:66:27:31,-85
BLE,1657201181886145917,1E:95:86:E5:03:6E,-53
BLE,1657201181900186334,DF:A6:DC:DC:2E:81,-46
BLE,1657201181912403469,C0:F8:BB:9D:12:93,-50
BLE,1657201181940501073,78:76:C3:4C:D7:3E,-78
BLE,1657201181987124719,03:4C:A5:66:27:31,-70
BLE,1657201182005012427,DF:A6:DC:DC:2E:81,-52
BLE,1657201182011554094,C0:F8:BB:9D:12:93,-49
BLE,1657201182043065917,78:76:C3:4C:D7:3E,-71
BLE,1657201182060849771,C0:F8:BB:9D:12:93,-49
BLE,1657201182075760188,14:8C:2B:B5:4F:1C,-85
BLE,1657201182091656698,03:4C:A5:66:27:31,-77
BLE,1657201182097242844,1E:95:86:E5:03:6E,-37
BLE,1657201182099300708,1C:2B:1A:96:34:7C,-65
BLE,1657201182113834302,DF:A6:DC:DC:2E:81,-47
BLE,1657201182120856698,7E:A1:B6:3A:23:D1,-87
BLE,1657201182151294511,78:76:C3:4C:D7:3E,-82
BLE,1657201182164712792,C0:F8:BB:9D:12:93,-49
BLE,1657201182201198261,1E:95:86:E5:03:6E,-41
BLE,1657201182204319719,1C:2B:1A:96:34:7C,-76
BLE,1657201182218792896,DF:A6:DC:DC:2E:81,-46
BLE,1657201182255554615,78:76:C3:4C:D7:3E,-77
BLE,1657201182261700031,C0:F8:BB:9D:12:93,-49
BLE,1657201182314404927,C0:F8:BB:9D:12:93,-50
BLE,1657201182322819458,DF:A6:DC:DC:2E:81,-51
BLE,1657201182336718833,7E:A1:B6:3A:23:D1,-81
BLE,1657201182365627427,C0:F8:BB:9D:12:93,-49
BLE,1657201182403740292,1E:95:86:E5:03:6E,-41
BLE,1657201182406303000,1C:2B:1A:96:34:7C,-78
BLE,1657201182413960500,C0:F8:BB:9D:12:93,-49
BLE,1657201182431755500,DF:A6:DC:DC:2E:81,-50
BLE,1657201182462850292,C0:F8:BB:9D:12:93,-49
BLE,1657201182511273781,C0:F8:BB:9D:12:93,-48
BLE,1657201182513830760,4A:98:12:97:61:DA,-55
BLE,1657201182536804458,DF:A6:DC:DC:2E:81,-47
BLE,1657201182539720083,7E:A1:B6:3A:23:D1,-82
BLE,1657201182563007948,C0:F8:BB:9D:12:93,-50
BLE,1657201182589082844,14:8C:2B:B5:4F:1C,-73
BLE,1657201182612255187,1E:95:86:E5:03:6E,-38
BLE,1657201182614008417,03:4C:A5:66:27:31,-82
BLE,1657201182664248781,C0:F8:BB:9D:12:93,-49
BLE,1657201182710636177,1C:2B:1A:96:34:7C,-70
BLE,1657201182713649146,1E:95:86:E5:03:6E,-37
BLE,1657201182726285083,4A:98:12:97:61:DA,-79
BLE,1657201182743474562,7E:A1:B6:3A:23:D1,-82
BLE,1657201182752111073,DF:A6:DC:DC:2E:81,-34
BLE,1657201182764894354,C0:F8:BB:9D:12:93,-50
BLE,1657201182813646698,C0:F8:BB:9D:12:93,-50
BLE,1657201182816341177,1C:2B:1A:96:34:7C,-67
BLE,1657201182844301958,7E:A1:B6:3A:23:D1,-82
BLE,1657201182853012635,DF:A6:DC:DC:2E:81,-47
BLE,1657201182911830708,C0:F8:BB:9D:12:93,-33
BLE,1657201182915127844,1C:2B:1A:96:34:7C,-71
BLE,1657201182926623104,03:4C:A5:66:27:31,-87
BLE,1657201182928401906,1E:95:86:E5:03:6E,-38
BLE,1657201182937682531,4A:98:12:97:61:DA,-78
BLE,1657201182952890500,7E:A1:B6:3A:23:D1,-82
BLE,1657201182956847583,DF:A6:DC:DC:2E:81,-30
BLE,1657201182961251177,C0:F8:BB:9D:12:93,-33
BLE,1657201182976792948,78:76:C3:4C:D7:3E,-77
BLE,1657201182997823208,14:8C:2B:B5:4F:1C,-86
BLE,1657201183028500396,03:4C:A5:66:27:31,-85
BLE,1657201183034884146,1E:95:86:E5:03:6E,-48
BLE,1657201183046897375,4A:98:12:97:61:DA,-79
BLE,1657201183055990760,7E:A1:B6:3A:23:D1,-82
BLE,1657201183064633625,C0:F8:BB:9D:12:93,-49
BLE,1657201183066204354,DF:A6:DC:DC:2E:81,-35
BLE,1657201183078104458,78:76:C3:4C:D7:3E,-70
BLE,1657201183116875031,1C:2B:1A:96:34:7C,-72
BLE,1657201183131621906,03:4C:A5:66:27:31,-70
BLE,1657201183138789146,1E:95:86:E5:03:6E,-37
BLE,1657201183152996541,4A:98:12:97:61:DA,-79
BLE,1657201183170204093,DF:A6:DC:DC:2E:81,-48
BLE,1657201183224430500,1C:2B:1A:96:34:7C,-66
BLE,1657201183230991854,03:4C:A5:66:27:31,-84
BLE,1657201183243516073,1E:95:86:E5:03:6E,-37
BLE,1657201183252649823,4A:98:12:97:61:DA,-78
BLE,1657201183266014250,C0:F8:BB:9D:12:93,-49
BLE,1657201183275021698,DF:A6:DC:DC:2E:81,-46
BLE,1657201183288035552,78:76:C3:4C:D7:3E,-77
BLE,1657201183314484198,C0:F8:BB:9D:12:93,-50
BLE,1657201183351108208,1E:95:86:E5:03:6E,-41
BLE,1657201183364228521,C0:F8:BB:9D:12:93,-49
BLE,1657201183378866281,DF:A6:DC:DC:2E:81,-51
BLE,1657201183393098416,78:76:C3:4C:D7:3E,-70
BLE,1657201183413673000,C0:F8:BB:9D:12:93,-39
BLE,1657201183430205135,1C:2B:1A:96:34:7C,-70
BLE,1657201183459242166,1E:95:86:E5:03:6E,-41
BLE,1657201183476833573,7E:A1:B6:3A:23:D1,-75
BLE,1657201183484163677,DF:A6:DC:DC:2E:81,-47
BLE,1657201183499422270,78:76:C3:4C:D7:3E,-85
BLE,1657201183513943208,C0:F8:BB:9D:12:93,-49
BLE,1657201183546686698,03:4C:A5:66:27:31,-85
BLE,1657201183561014198,1E:95:86:E5:03:6E,-38
BLE,1657201183582223625,7E:A1:B6:3A:23:D1,-82
BLE,1657201183587974406,DF:A6:DC:DC:2E:81,-47
BLE,1657201183613159510,C0:F8:BB:9D:12:93,-49
BLE,1657201183624081489,14:8C:2B:B5:4F:1C,-71
BLE,1657201183663267114,C0:F8:BB:9D:12:93,-44
BLE,1657201183678222062,4A:98:12:97:61:DA,-80
BLE,1657201183683533104,7E:A1:B6:3A:23:D1,-86
BLE,1657201183708871020,78:76:C3:4C:D7:3E,-71
BLE,1657201183716113885,C0:F8:BB:9D:12:93,-50
BLE,1657201183728911854,1C:2B:1A:96:34:7C,-76
BLE,1657201183763137479,C0:F8:BB:9D:12:93,-50
BLE,1657201183766710291,1E:95:86:E5:03:6E,-23
BLE,1657201183790600864,7E:A1:B6:3A:23:D1,-80
BLE,1657201183805681177,DF:A6:DC:DC:2E:81,-52
BLE,1657201183811434718,78:76:C3:4C:D7:3E,-84
BLE,1657201183868593260,1E:95:86:E5:03:6E,-31
BLE,1657201183889355395,4A:98:12:97:61:DA,-70
BLE,1657201183909412687,DF:A6:DC:DC:2E:81,-47
BLE,1657201183913867062,C0:F8:BB:9D:12:93,-50
BLE,1657201183916688781,78:76:C3:4C:D7:3E,-64
BLE,1657201183933929041,1C:2B:1A:96:34:7C,-75
BLE,1657201183963104406,C0:F8:BB:9D:12:93,-49
BLE,1657201183973747010,1E:95:86:E5:03:6E,-37
BLE,1657201183993202270,4A:98:12:97:61:DA,-68
BLE,1657201184003612270,7E:A1:B6:3A:23:D1,-84
BLE,1657201184014127010,C0:F8:BB:9D:12:93,-49
BLE,1657201184037677895,1C:2B:1A:96:34:7C,-69
BLE,1657201184062960395,C0:F8:BB:9D:12:93,-49
BLE,1657201184074778208,1E:95:86:E5:03:6E,-37
BLE,1657201184110032166,7E:A1:B6:3A:23:D1,-81
BLE,1657201184113086437,C0:F8:BB:9D:12:93,-50
BLE,1657201184120436489,DF:A6:DC:DC:2E:81,-51
BLE,1657201184127708416,78:76:C3:4C:D7:3E,-74
BLE,1657201184136893833,1C:2B:1A:96:34:7C,-75
BLE,1657201184165094197,C0:F8:BB:9D:12:93,-49
BLE,1657201184182977843,1E:95:86:E5:03:6E,-41
BLE,1657201184214524041,C0:F8:BB:9D:12:93,-33
BLE,1657201184216742947,7E:A1:B6:3A:23:D1,-70
BLE,1657201184219754718,DF:A6:DC:DC:2E:81,-46
BLE,1657201184261807426,C0:F8:BB:9D:12:93,-49
BLE,1657201184289366281,1E:95:86:E5:03:6E,-37
BLE,1657201184311248833,C0:F8:BB:9D:12:93,-49
BLE,1657201184315139926,4A:98:12:97:61:DA,-56
BLE,1657201184323427166,7E:A1:B6:3A:23:D1,-81
BLE,1657201184330219353,78:76:C3:4C:D7:3E,-85
BLE,1657201184341326020,1C:2B:1A:96:34:7C,-76
BLE,1657201184362688833,C0:F8:BB:9D:12:93,-50
BLE,1657201184370878885,14:8C:2B:B5:4F:1C,-85
BLE,1657201184393029145,1E:95:86:E5:03:6E,-38
BLE,1657201184414007739,C0:F8:BB:9D:12:93,-49
BLE,1657201184416755551,4A:98:12:97:61:DA,-79
BLE,1657201184423243156,DF:A6:DC:DC:2E:81,-46
BLE,1657201184435031645,78:76:C3:4C:D7:3E,-63
BLE,1657201184446934353,1C:2B:1A:96:34:7C,-70
BLE,1657201184502311280,1E:95:86:E5:03:6E,-36
BLE,1657201184504492218,03:4C:A5:66:27:31,-83
BLE,1657201184511902791,C0:F8:BB:9D:12:93,-49
BLE,1657201184516729249,4A:98:12:97:61:DA,-70
BLE,1657201184526384458,DF:A6:DC:DC:2E:81,-51
BLE,1657201184531200812,7E:A1:B6:3A:23:D1,-81
BLE,1657201184540140030,78:76:C3:4C:D7:3E,-57
BLE,1657201184548904822,1C:2B:1A:96:34:7C,-65
BLE,1657201184561954614,C0:F8:BB:9D:12:93,-50
BLE,1657201184610491437,1E:95:86:E5:03:6E,-41
BLE,1657201184614605030,C0:F8:BB:9D:12:93,-65
BLE,1657201184621923676,4A:98:12:97:61:DA,-79
BLE,1657201184632283260,7E:A1:B6:3A:23:D1,-83
BLE,1657201184634678103,DF:A6:DC:DC:2E:81,-47
BLE,1657201184664982947,C0:F8:BB:9D:12:93,-33
BLE,1657201184712939405,C0:F8:BB:9D:12:93,-34
BLE,1657201184719252374,1E:95:86:E5:03:6E,-41
BLE,1657201184724464926,4A:98:12:97:61:DA,-70
BLE,1657201184749353103,78:76:C3:4C:D7:3E,-76
BLE,1657201184753222426,1C:2B:1A:96:34:7C,-66
BLE,1657201184765258103,C0:F8:BB:9D:12:93,-50
BLE,1657201184795835135,14:8C:2B:B5:4F:1C,-85
BLE,1657201184812462530,C0:F8:BB:9D:12:93,-50
BLE,1657201184817110030,03:4C:A5:66:27:31,-83
BLE,1657201184827572426,1E:95:86:E5:03:6E,-37
BLE,1657201184839097947,DF:A6:DC:DC:2E:81,-51
BLE,1657201184850166593,1C:2B:1A:96:34:7C,-71
BLE,1657201184856383520,78:76:C3:4C:D7:3E,-72
BLE,1657201184863380395,C0:F8:BB:9D:12:93,-49
BLE,1657201184918031541,03:4C:A5:66:27:31,-85
BLE,1657201184933761853,4A:98:12:97:61:DA,-83
BLE,1657201184947085968,DF:A6:DC:DC:2E:81,-47
BLE,1657201184961296437,C0:F8:BB:9D:12:93,-49
BLE,1657201184962596749,78:76:C3:4C:D7:3E,-84
BLE,1657201185002032062,14:8C:2B:B5:4F:1C,-86
BLE,1657201185014417218,C0:F8:BB:9D:12:93,-50
BLE,1657201185019244301,03:4C:A5:66:27:31,-86
BLE,1657201185043611332,1E:95:86:E5:03:6E,-37
BLE,1657201185048864145,1C:2B:1A:96:34:7C,-71
BLE,1657201185056744093,7E:A1:B6:3A:23:D1,-82
BLE,1657201185063533103,C0:F8:BB:9D:12:93,-33
BLE,1657201185110868937,14:8C:2B:B5:4F:1C,-84
BLE,1657201185121144770,03:4C:A5:66:27:31,-85
BLE,1657201185143958051,4A:98:12:97:61:DA,-79
BLE,1657201185147483416,1E:95:86:E5:03:6E,-42
BLE,1657201185154511176,DF:A6:DC:DC:2E:81,-50
BLE,1657201185157985030,7E:A1:B6:3A:23:D1,-81
BLE,1657201185162124457,C0:F8:BB:9D:12:93,-33
BLE,1657201185176382218,78:76:C3:4C:D7:3E,-75
BLE,1657201185212489405,C0:F8:BB:9D:12:93,-49
BLE,1657201185225818624,03:4C:A5:66:27:31,-70
BLE,1657201185251862843,1E:95:86:E5:03:6E,-38
BLE,1657201185259185707,DF:A6:DC:DC:2E:81,-48
BLE,1657201185263220343,C0:F8:BB:9D:12:93,-50
BLE,1657201185275252530,78:76:C3:4C:D7:3E,-76
BLE,1657201185313306801,C0:F8:BB:9D:12:93,-33
BLE,1657201185317041280,14:8C:2B:B5:4F:1C,-71
BLE,1657201185329689093,03:4C:A5:66:27:31,-87
BLE,1657201185361129926,1E:95:86:E5:03:6E,-37
BLE,1657201185363866280,1C:2B:1A:96:34:7C,-56
BLE,1657201185371782843,7E:A1:B6:3A:23:D1,-81
BLE,1657201185412729561,C0:F8:BB:9D:12:93,-48
BLE,1657201185424533676,14:8C:2B:B5:4F:1C,-85
BLE,1657201185463133311,4A:98:12:97:61:DA,-70
BLE,1657201185465028572,C0:F8:BB:9D:12:93,-37
BLE,1657201185492596228,78:76:C3:4C:D7:3E,-75
BLE,1657201185514052999,C0:F8:BB:9D:12:93,-33
BLE,1657201185537108520,03:4C:A5:66:27:31,-83
BLE,1657201185563810499,1C:2B:1A:96:34:7C,-65
BLE,1657201185566876541,4A:98:12:97:61:DA,-64
BLE,1657201185577028832,DF:A6:DC:DC:2E:81,-47
BLE,1657201185583472270,7E:A1:B6:3A:23:D1,-80
BLE,1657201185592026957,78:76:C3:4C:D7:3E,-83
BLE,1657201185611779874,C0:F8:BB:9D:12:93,-34
BLE,1657201185629128259,14:8C:2B:B5:4F:1C,-85
BLE,1657201185663679145,C0:F8:BB:9D:12:93,-50
BLE,1657201185668119978,1C:2B:1A:96:34:7C,-81
BLE,1657201185671734301,4A:98:12:97:61:DA,-65
BLE,1657201185673547061,1E:95:86:E5:03:6E,-71
BLE,1657201185684442686,DF:A6:DC:DC:2E:81,-46
BLE,1657201185691747530,7E:A1:B6:3A:23:D1,-81
BLE,1657201185696285499,78:76:C3:4C:D7:3E,-63
BLE,1657201185712974926,C0:F8:BB:9D:12:93,-50
BLE,1657201185764254509,C0:F8:BB:9D:12:93,-33
BLE,1657201185778910395,4A:98:12:97:61:DA,-70
BLE,1657201185794252426,7E:A1:B6:3A:23:D1,-81
BLE,1657201185814853155,C0:F8:BB:9D:12:93,-49
BLE,1657201185858576176,03:4C:A5:66:27:31,-86
BLE,1657201185863005603,C0:F8:BB:9D:12:93,-33
BLE,1657201185876452113,1C:2B:1A:96:34:7C,-65
BLE,1657201185879334770,4A:98:12:97:61:DA,-80
BLE,1657201185882592790,1E:95:86:E5:03:6E,-38
BLE,1657201185894388467,DF:A6:DC:DC:2E:81,-47
BLE,1657201185899223415,7E:A1:B6:3A:23:D1,-81
BLE,1657201185945428311,14:8C:2B:B5:4F:1C,-85
BLE,1657201185963962947,C0:F8:BB:9D:12:93,-49
BLE,1657201185972749249,1C:2B:1A:96:34:7C,-69
BLE,1657201185986347686,4A:98:12:97:61:DA,-79
BLE,1657201185993929665,DF:A6:DC:DC:2E:81,-46
BLE,1657201186005687738,78:76:C3:4C:D7:3E,-71
BLE,1657201186014692061,C0:F8:BB:9D:12:93,-49
BLE,1657201186054565603,14:8C:2B:B5:4F:1C,-85
BLE,1657201186062772634,C0:F8:BB:9D:12:93,-48
BLE,1657201186089499509,4A:98:12:97:61:DA,-78
BLE,1657201186091651644,1E:95:86:E5:03:6E,-48
BLE,1657201186096762009,DF:A6:DC:DC:2E:81,-46
BLE,1657201186162037009,C0:F8:BB:9D:12:93,-50
BLE,1657201186179470499,1C:2B:1A:96:34:7C,-70
BLE,1657201186193776228,4A:98:12:97:61:DA,-79
BLE,1657201186200112322,1E:95:86:E5:03:6E,-23
BLE,1657201186204023415,DF:A6:DC:DC:2E:81,-47
BLE,1657201186213199561,C0:F8:BB:9D:12:93,-49
BLE,1657201186215516540,78:76:C3:4C:D7:3E,-77
BLE,1657201186220450447,7E:A1:B6:3A:23:D1,-69
BLE,1657201186259572582,14:8C:2B:B5:4F:1C,-73
BLE,1657201186264477842,C0:F8:BB:9D:12:93,-49
BLE,1657201186284695394,03:4C:A5:66:27:31,-82
BLE,1657201186309351228,1E:95:86:E5:03:6E,-36
BLE,1657201186313677217,C0:F8:BB:9D:12:93,-48
BLE,1657201186325611801,7E:A1:B6:3A:23:D1,-70
BLE,1657201186416181801,1E:95:86:E5:03:6E,-37
BLE,1657201186418272894,DF:A6:DC:DC:2E:81,-51
BLE,1657201186427434978,7E:A1:B6:3A:23:D1,-70
BLE,1657201186463316853,14:8C:2B:B5:4F:1C,-87
BLE,1657201186486353207,1C:2B:1A:96:34:7C,-66
BLE,1657201186494270498,03:4C:A5:66:27:31,-70
BLE,1657201186514253988,C0:F8:BB:9D:12:93,-49
BLE,1657201186516311905,4A:98:12:97:61:DA,-79
BLE,1657201186526109561,DF:A6:DC:DC:2E:81,-52
BLE,1657201186534953415,7E:A1:B6:3A:23:D1,-81
BLE,1657201186563927478,C0:F8:BB:9D:12:93,-50
BLE,1657201186601103884,03:4C:A5:66:27:31,-87
BLE,1657201186614494405,C0:F8:BB:9D:12:93,-50
BLE,1657201186621239353,4A:98:12:97:61:DA,-79
BLE,1657201186623821228,1E:95:86:E5:03:6E,-23
BLE,1657201186626278155,DF:A6:DC:DC:2E:81,-30
BLE,1657201186636767217,7E:A1:B6:3A:23:D1,-68
BLE,1657201186665566800,C0:F8:BB:9D:12:93,-49
BLE,1657201186685654769,1C:2B:1A:96:34:7C,-65
BLE,1657201186723013884,4A:98:12:97:61:DA,-70
BLE,1657201186725004509,1E:95:86:E5:03:6E,-42
BLE,1657201186729166853,DF:A6:DC:DC:2E:81,-51
BLE,1657201186732611019,78:76:C3:4C:D7:3E,-77
BLE,1657201186742443832,7E:A1:B6:3A:23:D1,-80
BLE,1657201186764373988,C0:F8:BB:9D:12:93,-49
BLE,1657201186777115811,14:8C:2B:B5:4F:1C,-86
BLE,1657201186785206696,1C:2B:1A:96:34:7C,-68
BLE,1657201186806821488,03:4C:A5:66:27:31,-85
BLE,1657201186814407425,C0:F8:BB:9D:12:93,-50
BLE,1657201186830180186,1E:95:86:E5:03:6E,-37
BLE,1657201186831705342,DF:A6:DC:DC:2E:81,-46
BLE,1657201186836921228,78:76:C3:4C:D7:3E,-72
BLE,1657201186850756592,7E:A1:B6:3A:23:D1,-80
BLE,1657201186864526905,C0:F8:BB:9D:12:93,-50
BLE,1657201186883874665,1C:2B:1A:96:34:7C,-76
BLE,1657201186913550394,C0:F8:BB:9D:12:93,-49
BLE,1657201186934368832,4A:98:12:97:61:DA,-79
BLE,1657201186939368780,1E:95:86:E5:03:6E,-37
BLE,1657201186955573623,7E:A1:B6:3A:23:D1,-82
BLE,1657201186964228102,C0:F8:BB:9D:12:93,-49
BLE,1657201186987722738,1C:2B:1A:96:34:7C,-69
BLE,1657201187015331488,C0:F8:BB:9D:12:93,-50
BLE,1657201187040681227,4A:98:12:97:61:DA,-70
BLE,1657201187047455030,DF:A6:DC:DC:2E:81,-51
BLE,1657201187049177165,1E:95:86:E5:03:6E,-38
BLE,1657201187057423727,7E:A1:B6:3A:23:D1,-71
BLE,1657201187066195290,C0:F8:BB:9D:12:93,-48
BLE,1657201187085679509,1C:2B:1A:96:34:7C,-77
BLE,1657201187089245394,14:8C:2B:B5:4F:1C,-73
BLE,1657201187112904300,C0:F8:BB:9D:12:93,-50
BLE,1657201187150256279,4A:98:12:97:61:DA,-70
BLE,1657201187151638311,DF:A6:DC:DC:2E:81,-47
BLE,1657201187156833050,78:76:C3:4C:D7:3E,-65
BLE,1657201187163703050,C0:F8:BB:9D:12:93,-49
BLE,1657201187165399352,7E:A1:B6:3A:23:D1,-80
BLE,1657201187189471748,1C:2B:1A:96:34:7C,-69
BLE,1657201187211483050,C0:F8:BB:9D:12:93,-49
BLE,1657201187217944300,03:4C:A5:66:27:31,-88
BLE,1657201187253722009,DF:A6:DC:DC:2E:81,-46
BLE,1657201187255529717,1E:95:86:E5:03:6E,-25
BLE,1657201187264086332,C0:F8:BB:9D:12:93,-50
BLE,1657201187269701384,7E:A1:B6:3A:23:D1,-69
BLE,1657201187315564040,C0:F8:BB:9D:12:93,-50
BLE,1657201187360541592,DF:A6:DC:DC:2E:81,-51
BLE,1657201187362554821,78:76:C3:4C:D7:3E,-76
BLE,1657201187363527634,1E:95:86:E5:03:6E,-23
BLE,1657201187374931123,7E:A1:B6:3A:23:D1,-80
BLE,1657201187413730238,C0:F8:BB:9D:12:93,-50
BLE,1657201187428384613,03:4C:A5:66:27:31,-84
BLE,1657201187464437686,C0:F8:BB:9D:12:93,-50
BLE,1657201187468389561,DF:A6:DC:DC:2E:81,-31
BLE,1657201187471755394,1E:95:86:E5:03:6E,-71
BLE,1657201187479944821,7E:A1:B6:3A:23:D1,-70
BLE,1657201187490666227,1C:2B:1A:96:34:7C,-77
BLE,1657201187512777581,C0:F8:BB:9D:12:93,-50
BLE,1657201187565443102,C0:F8:BB:9D:12:93,-50
BLE,1657201187569349665,DF:A6:DC:DC:2E:81,-30
BLE,1657201187572772894,4A:98:12:97:61:DA,-67
BLE,1657201187580067113,1E:95:86:E5:03:6E,-41
BLE,1657201187581720446,7E:A1:B6:3A:23:D1,-81
BLE,1657201187589478779,1C:2B:1A:96:34:7C,-65
BLE,1657201187609380186,14:8C:2B:B5:4F:1C,-84
BLE,1657201187631680654,03:4C:A5:66:27:31,-83
BLE,1657201187661913883,C0:F8:BB:9D:12:93,-49
BLE,1657201187673898258,4A:98:12:97:61:DA,-78
BLE,1657201187683027998,7E:A1:B6:3A:23:D1,-81
BLE,1657201187693193883,1C:2B:1A:96:34:7C,-78
BLE,1657201187715592738,C0:F8:BB:9D:12:93,-50
BLE,1657201187763555550,C0:F8:BB:9D:12:93,-49
BLE,1657201187772830915,4A:98:12:97:61:DA,-68
BLE,1657201187787701019,DF:A6:DC:DC:2E:81,-50
BLE,1657201187789734040,7E:A1:B6:3A:23:D1,-81
BLE,1657201187793911071,1E:95:86:E5:03:6E,-37
BLE,1657201187813661227,C0:F8:BB:9D:12:93,-32
BLE,1657201187839841488,03:4C:A5:66:27:31,-83
BLE,1657201187864071592,C0:F8:BB:9D:12:93,-49
BLE,1657201187879374613,4A:98:12:97:61:DA,-78
BLE,1657201187886977425,DF:A6:DC:DC:2E:81,-46
BLE,1657201187899265185,7E:A1:B6:3A:23:D1,-86
BLE,1657201187902413883,1E:95:86:E5:03:6E,-23
BLE,1657201187914567217,C0:F8:BB:9D:12:93,-45
BLE,1657201187941038206,03:4C:A5:66:27:31,-86
BLE,1657201187964356852,C0:F8:BB:9D:12:93,-50
BLE,1657201187985682321,4A:98:12:97:61:DA,-55
BLE,1657201187991721123,DF:A6:DC:DC:2E:81,-51
BLE,1657201187998290133,78:76:C3:4C:D7:3E,-70
BLE,1657201188006354352,1E:95:86:E5:03:6E,-41
BLE,1657201188008852477,1C:2B:1A:96:34:7C,-77
BLE,1657201188013464560,C0:F8:BB:9D:12:93,-50
BLE,1657201188087867373,4A:98:12:97:61:DA,-79
BLE,1657201188097907529,DF:A6:DC:DC:2E:81,-47
BLE,1657201188104373883,78:76:C3:4C:D7:3E,-77
BLE,1657201188110706383,1C:2B:1A:96:34:7C,-68
BLE,1657201188113008206,C0:F8:BB:9D:12:93,-50
BLE,1657201188127918883,14:8C:2B:B5:4F:1C,-85
BLE,1657201188150939456,03:4C:A5:66:27:31,-84
BLE,1657201188164273987,C0:F8:BB:9D:12:93,-44
BLE,1657201188200620758,DF:A6:DC:DC:2E:81,-30
BLE,1657201188207724612,78:76:C3:4C:D7:3E,-72
BLE,1657201188215067737,1E:95:86:E5:03:6E,-38
BLE,1657201188216675081,7E:A1:B6:3A:23:D1,-81
BLE,1657201188264501227,C0:F8:BB:9D:12:93,-50
BLE,1657201188296967321,4A:98:12:97:61:DA,-70
BLE,1657201188311840967,C0:F8:BB:9D:12:93,-50
BLE,1657201188313922581,1C:2B:1A:96:34:7C,-69
BLE,1657201188316891904,1E:95:86:E5:03:6E,-37
BLE,1657201188359389977,03:4C:A5:66:27:31,-86
BLE,1657201188361855394,C0:F8:BB:9D:12:93,-49
BLE,1657201188403341696,4A:98:12:97:61:DA,-78
BLE,1657201188405335289,DF:A6:DC:DC:2E:81,-47
BLE,1657201188413754560,C0:F8:BB:9D:12:93,-50
BLE,1657201188417441748,1C:2B:1A:96:34:7C,-66
BLE,1657201188421186539,7E:A1:B6:3A:23:D1,-81
BLE,1657201188425288206,1E:95:86:E5:03:6E,-37
BLE,1657201188465225133,C0:F8:BB:9D:12:93,-49
BLE,1657201188511191696,DF:A6:DC:DC:2E:81,-51
BLE,1657201188513581904,C0:F8:BB:9D:12:93,-33
BLE,1657201188516857008,78:76:C3:4C:D7:3E,-82
BLE,1657201188532316800,1E:95:86:E5:03:6E,-36
BLE,1657201188564013675,C0:F8:BB:9D:12:93,-48
BLE,1657201188612577841,4A:98:12:97:61:DA,-70
BLE,1657201188613818519,1C:2B:1A:96:34:7C,-63
BLE,1657201188616019821,DF:A6:DC:DC:2E:81,-48
BLE,1657201188618735862,78:76:C3:4C:D7:3E,-77
BLE,1657201188639178362,1E:95:86:E5:03:6E,-38
BLE,1657201188664963414,C0:F8:BB:9D:12:93,-49
BLE,1657201188674199664,03:4C:A5:66:27:31,-83
BLE,1657201188713703935,1C:2B:1A:96:34:7C,-68
BLE,1657201188716860289,4A:98:12:97:61:DA,-67
BLE,1657201188720604456,78:76:C3:4C:D7:3E,-72
BLE,1657201188732144091,7E:A1:B6:3A:23:D1,-81
BLE,1657201188740484977,1E:95:86:E5:03:6E,-37
BLE,1657201188761632425,C0:F8:BB:9D:12:93,-48
BLE,1657201188811642321,C0:F8:BB:9D:12:93,-48
BLE,1657201188815553362,1C:2B:1A:96:34:7C,-80
BLE,1657201188818045237,4A:98:12:97:61:DA,-70
BLE,1657201188823741383,78:76:C3:4C:D7:3E,-76
BLE,1657201188833530706,7E:A1:B6:3A:23:D1,-80
BLE,1657201188844108987,1E:95:86:E5:03:6E,-37
BLE,1657201188861945185,C0:F8:BB:9D:12:93,-49
BLE,1657201188868988310,14:8C:2B:B5:4F:1C,-84
BLE,1657201188893277112,03:4C:A5:66:27:31,-82
BLE,1657201188912778883,C0:F8:BB:9D:12:93,-48
BLE,1657201188915067893,1C:2B:1A:96:34:7C,-68
BLE,1657201188933670706,DF:A6:DC:DC:2E:81,-50
BLE,1657201188937130341,7E:A1:B6:3A:23:D1,-82
BLE,1657201188951644352,1E:95:86:E5:03:6E,-39
BLE,1657201188997138831,03:4C:A5:66:27:31,-88
BLE,1657201189011468310,C0:F8:BB:9D:12:93,-48
BLE,1657201189018816435,1C:2B:1A:96:34:7C,-76
BLE,1657201189040023414,DF:A6:DC:DC:2E:81,-60
BLE,1657201189041317633,78:76:C3:4C:D7:3E,-71
BLE,1657201189052260966,1E:95:86:E5:03:6E,-23
BLE,1657201189064796591,C0:F8:BB:9D:12:93,-44
BLE,1657201189070740862,14:8C:2B:B5:4F:1C,-84
BLE,1657201189123948831,4A:98:12:97:61:DA,-77
BLE,1657201189140899352,7E:A1:B6:3A:23:D1,-81
BLE,1657201189146427425,78:76:C3:4C:D7:3E,-72
BLE,1657201189159804195,1E:95:86:E5:03:6E,-23
BLE,1657201189163145758,C0:F8:BB:9D:12:93,-32
BLE,1657201189214062893,C0:F8:BB:9D:12:93,-49
BLE,1657201189230477112,4A:98:12:97:61:DA,-78
BLE,1657201189251346591,DF:A6:DC:DC:2E:81,-51
BLE,1657201189252580550,78:76:C3:4C:D7:3E,-77
BLE,1657201189258865341,1E:95:86:E5:03:6E,-37
BLE,1657201189263604560,C0:F8:BB:9D:12:93,-50
BLE,1657201189328799143,1C:2B:1A:96:34:7C,-68
BLE,1657201189332671643,4A:98:12:97:61:DA,-70
BLE,1657201189353902060,78:76:C3:4C:D7:3E,-71
BLE,1657201189355438258,DF:A6:DC:DC:2E:81,-47
BLE,1657201189362745654,C0:F8:BB:9D:12:93,-49
BLE,1657201189409118154,03:4C:A5:66:27:31,-82
BLE,1657201189414053674,C0:F8:BB:9D:12:93,-48
BLE,1657201189433727060,4A:98:12:97:61:DA,-78
BLE,1657201189452976539,7E:A1:B6:3A:23:D1,-82
BLE,1657201189459194195,DF:A6:DC:DC:2E:81,-46
BLE,1657201189461359143,C0:F8:BB:9D:12:93,-49
BLE,1657201189476684716,1E:95:86:E5:03:6E,-35
BLE,1657201189510961799,03:4C:A5:66:27:31,-88
BLE,1657201189513904091,C0:F8:BB:9D:12:93,-49
BLE,1657201189561128049,7E:A1:B6:3A:23:D1,-81
BLE,1657201189565309820,DF:A6:DC:DC:2E:81,-35
BLE,1657201189566804404,78:76:C3:4C:D7:3E,-61
BLE,1657201189582997893,1E:95:86:E5:03:6E,-48
BLE,1657201189614046643,03:4C:A5:66:27:31,-82
BLE,1657201189631881174,1C:2B:1A:96:34:7C,-66
BLE,1657201189644502008,4A:98:12:97:61:DA,-79
BLE,1657201189662230654,C0:F8:BB:9D:12:93,-48
BLE,1657201189666122060,7E:A1:B6:3A:23:D1,-82
BLE,1657201189672397372,DF:A6:DC:DC:2E:81,-47
BLE,1657201189676335706,78:76:C3:4C:D7:3E,-77
BLE,1657201189688755862,1E:95:86:E5:03:6E,-37
BLE,1657201189712360237,C0:F8:BB:9D:12:93,-48
BLE,1657201189737665289,1C:2B:1A:96:34:7C,-77
BLE,1657201189746818726,4A:98:12:97:61:DA,-78
BLE,1657201189764734612,C0:F8:BB:9D:12:93,-49
BLE,1657201189770992945,7E:A1:B6:3A:23:D1,-81
BLE,1657201189781695601,DF:A6:DC:DC:2E:81,-47
BLE,1657201189793338518,14:8C:2B:B5:4F:1C,-85
BLE,1657201189796843622,1E:95:86:E5:03:6E,-37
BLE,1657201189812810966,C0:F8:BB:9D:12:93,-49
BLE,1657201189836886278,1C:2B:1A:96:34:7C,-67
BLE,1657201189856354768,4A:98:12:97:61:DA,-79
BLE,1657201189863856591,C0:F8:BB:9D:12:93,-48
BLE,1657201189871159456,7E:A1:B6:3A:23:D1,-81
BLE,1657201189883078778,78:76:C3:4C:D7:3E,-75
BLE,1657201189904193935,1E:95:86:E5:03:6E,-37
BLE,1657201189914229716,C0:F8:BB:9D:12:93,-48
BLE,1657201189935636487,1C:2B:1A:96:34:7C,-68
BLE,1657201189957978049,4A:98:12:97:61:DA,-78
BLE,1657201189965079768,C0:F8:BB:9D:12:93,-50
BLE,1657201189977968362,7E:A1:B6:3A:23:D1,-81
BLE,1657201189991345497,78:76:C3:4C:D7:3E,-76
BLE,1657201189992424768,DF:A6:DC:DC:2E:81,-51
BLE,1657201190011215185,1E:95:86:E5:03:6E,-39
BLE,1657201190039383049,1C:2B:1A:96:34:7C,-66
BLE,1657201190059328726,4A:98:12:97:61:DA,-67
BLE,1657201190063830445,C0:F8:BB:9D:12:93,-48
BLE,1657201190080055445,7E:A1:B6:3A:23:D1,-67
BLE,1657201190091488101,DF:A6:DC:DC:2E:81,-30
BLE,1657201190106601122,14:8C:2B:B5:4F:1C,-72
BLE,1657201190111853049,1E:95:86:E5:03:6E,-37
BLE,1657201190162190080,C0:F8:BB:9D:12:93,-48
BLE,1657201190186629299,4F:79:9B:3E:40:C9,-96
BLE,1657201190198455862,DF:A6:DC:DC:2E:81,-50
BLE,1657201190213603622,C0:F8:BB:9D:12:93,-49
BLE,1657201190241417528,1C:2B:1A:96:34:7C,-68
BLE,1657201190249904143,03:4C:A5:66:27:31,-84
BLE,1657201190263340289,C0:F8:BB:9D:12:93,-33
BLE,1657201190266868726,4A:98:12:97:61:DA,-79
BLE,1657201190295720862,78:76:C3:4C:D7:3E,-71
BLE,1657201190304555132,DF:A6:DC:DC:2E:81,-59
BLE,1657201190316880341,1E:95:86:E5:03:6E,-23
BLE,1657201190344386018,1C:2B:1A:96:34:7C,-63
BLE,1657201190356621799,03:4C:A5:66:27:31,-81
BLE,1657201190363219664,C0:F8:BB:9D:12:93,-48
BLE,1657201190367694039,4A:98:12:97:61:DA,-70
BLE,1657201190395824299,7E:A1:B6:3A:23:D1,-81
BLE,1657201190399362112,78:76:C3:4C:D7:3E,-77
BLE,1657201190407944247,DF:A6:DC:DC:2E:81,-46
BLE,1657201190411849299,C0:F8:BB:9D:12:93,-49
BLE,1657201190422999091,1E:95:86:E5:03:6E,-37
BLE,1657201190442776643,1C:2B:1A:96:34:7C,-67
BLE,1657201190466044247,03:4C:A5:66:27:31,-85
BLE,1657201190498807476,7E:A1:B6:3A:23:D1,-81
BLE,1657201190506405653,78:76:C3:4C:D7:3E,-71
BLE,1657201190511141226,DF:A6:DC:DC:2E:81,-51
BLE,1657201190514354612,C0:F8:BB:9D:12:93,-49
BLE,1657201190529292007,1E:95:86:E5:03:6E,-39
BLE,1657201190532791330,14:8C:2B:B5:4F:1C,-85
BLE,1657201190546816591,1C:2B:1A:96:34:7C,-78
BLE,1657201190564193778,C0:F8:BB:9D:12:93,-48
BLE,1657201190573093309,4A:98:12:97:61:DA,-69
BLE,1657201190606663153,7E:A1:B6:3A:23:D1,-82
BLE,1657201190608975236,78:76:C3:4C:D7:3E,-83
BLE,1657201190610944664,DF:A6:DC:DC:2E:81,-47
BLE,1657201190614180757,C0:F8:BB:9D:12:93,-49
BLE,1657201190633713466,1E:95:86:E5:03:6E,-37
BLE,1657201190651813622,1C:2B:1A:96:34:7C,-69
BLE,1657201190675279664,4A:98:12:97:61:DA,-78
BLE,1657201190714823570,C0:F8:BB:9D:12:93,-49
BLE,1657201190734834247,1E:95:86:E5:03:6E,-37
BLE,1657201190754348882,1C:2B:1A:96:34:7C,-77
BLE,1657201190776262580,4A:98:12:97:61:DA,-70
BLE,1657201190813052007,C0:F8:BB:9D:12:93,-49
BLE,1657201190816836330,78:76:C3:4C:D7:3E,-71
BLE,1657201190824189351,7E:A1:B6:3A:23:D1,-81
BLE,1657201190842956330,1E:95:86:E5:03:6E,-39
BLE,1657201190857597684,1C:2B:1A:96:34:7C,-69
BLE,1657201190862840705,C0:F8:BB:9D:12:93,-50
BLE,1657201190879018726,4A:98:12:97:61:DA,-78
BLE,1657201190894583934,03:4C:A5:66:27:31,-83
BLE,1657201190914159976,C0:F8:BB:9D:12:93,-49
BLE,1657201190932983622,7E:A1:B6:3A:23:D1,-81
BLE,1657201190959117632,14:8C:2B:B5:4F:1C,-85
BLE,1657201190986823570,4A:98:12:97:61:DA,-78
BLE,1657201191011704924,C0:F8:BB:9D:12:93,-49
BLE,1657201191027546695,78:76:C3:4C:D7:3E,-74
BLE,1657201191029833570,DF:A6:DC:DC:2E:81,-51
BLE,1657201191049128413,1E:95:86:E5:03:6E,-35
BLE,1657201191056350653,1C:2B:1A:96:34:7C,-69
BLE,1657201191061716330,C0:F8:BB:9D:12:93,-48
BLE,1657201191093835861,4A:98:12:97:61:DA,-78
BLE,1657201191112980340,C0:F8:BB:9D:12:93,-49
BLE,1657201191129463101,78:76:C3:4C:D7:3E,-85
BLE,1657201191136075705,7E:A1:B6:3A:23:D1,-81
BLE,1657201191139333726,DF:A6:DC:DC:2E:81,-51
BLE,1657201191150145965,1E:95:86:E5:03:6E,-37
BLE,1657201191161354038,1C:2B:1A:96:34:7C,-67
BLE,1657201191164227840,C0:F8:BB:9D:12:93,-48
BLE,1657201191199396278,4A:98:12:97:61:DA,-70
BLE,1657201191208438049,03:4C:A5:66:27:31,-83
BLE,1657201191214122476,C0:F8:BB:9D:12:93,-49
BLE,1657201191233116278,78:76:C3:4C:D7:3E,-76
BLE,1657201191237471538,7E:A1:B6:3A:23:D1,-81
BLE,1657201191248039299,DF:A6:DC:DC:2E:81,-47
BLE,1657201191262437267,C0:F8:BB:9D:12:93,-48
BLE,1657201191307890288,4A:98:12:97:61:DA,-78
BLE,1657201191311793778,C0:F8:BB:9D:12:93,-49
BLE,1657201191341794299,7E:A1:B6:3A:23:D1,-80
BLE,1657201191352034976,DF:A6:DC:DC:2E:81,-47
BLE,1657201191358947215,1C:2B:1A:96:34:7C,-77
BLE,1657201191363682528,1E:95:86:E5:03:6E,-35
BLE,1657201191454951747,DF:A6:DC:DC:2E:81,-51
BLE,1657201191462238674,C0:F8:BB:9D:12:93,-49
BLE,1657201191464413153,1C:2B:1A:96:34:7C,-68
BLE,1657201191514024872,C0:F8:BB:9D:12:93,-50
BLE,1657201191553276017,78:76:C3:4C:D7:3E,-84
BLE,1657201191556161747,DF:A6:DC:DC:2E:81,-46
BLE,1657201191564649299,C0:F8:BB:9D:12:93,-49
BLE,1657201191567432788,1E:95:86:E5:03:6E,-35
BLE,1657201191571943205,1C:2B:1A:96:34:7C,-68
BLE,1657201191592922788,14:8C:2B:B5:4F:1C,-84
BLE,1657201191614037632,C0:F8:BB:9D:12:93,-49
BLE,1657201191626975392,4A:98:12:97:61:DA,-70
BLE,1657201191653019559,7E:A1:B6:3A:23:D1,-82
BLE,1657201191675185965,1C:2B:1A:96:34:7C,-78
BLE,1657201191676213778,1E:95:86:E5:03:6E,-39
BLE,1657201191712424142,C0:F8:BB:9D:12:93,-48
BLE,1657201191725428153,03:4C:A5:66:27:31,-82
BLE,1657201191727640757,4A:98:12:97:61:DA,-79
BLE,1657201191755524976,7E:A1:B6:3A:23:D1,-80
BLE,1657201191776924351,1E:95:86:E5:03:6E,-37
BLE,1657201191793408674,14:8C:2B:B5:4F:1C,-85
BLE,1657201191814493309,C0:F8:BB:9D:12:93,-49
BLE,1657201191833214246,4A:98:12:97:61:DA,-70
BLE,1657201191861067528,7E:A1:B6:3A:23:D1,-81
BLE,1657201191864060236,C0:F8:BB:9D:12:93,-49
BLE,1657201191875671851,1C:2B:1A:96:34:7C,-76
BLE,1657201191881732371,1E:95:86:E5:03:6E,-35
BLE,1657201191912094142,C0:F8:BB:9D:12:93,-48
BLE,1657201191938284611,4A:98:12:97:61:DA,-78
BLE,1657201191960071903,7E:A1:B6:3A:23:D1,-79
BLE,1657201191964044090,C0:F8:BB:9D:12:93,-50
BLE,1657201191975181486,DF:A6:DC:DC:2E:81,-52
BLE,1657201191980671226,1C:2B:1A:96:34:7C,-68
BLE,1657201191987611434,1E:95:86:E5:03:6E,-38
BLE,1657201192011749871,C0:F8:BB:9D:12:93,-49
BLE,1657201192035634611,03:4C:A5:66:27:31,-86
BLE,1657201192043144298,4A:98:12:97:61:DA,-78
BLE,1657201192063061226,7E:A1:B6:3A:23:D1,-81
BLE,1657201192083958830,1C:2B:1A:96:34:7C,-67
BLE,1657201192085160444,DF:A6:DC:DC:2E:81,-52
BLE,1657201192096352736,1E:95:86:E5:03:6E,-37
BLE,1657201192110420601,14:8C:2B:B5:4F:1C,-84
BLE,1657201192145285705,4A:98:12:97:61:DA,-70
BLE,1657201192161774038,C0:F8:BB:9D:12:93,-49
BLE,1657201192171793725,7E:A1:B6:3A:23:D1,-81
BLE,1657201192186338569,1C:2B:1A:96:34:7C,-68
BLE,1657201192190893725,DF:A6:DC:DC:2E:81,-47
BLE,1657201192253960028,4A:98:12:97:61:DA,-78
BLE,1657201192261956746,C0:F8:BB:9D:12:93,-49
BLE,1657201192278713673,7E:A1:B6:3A:23:D1,-81
BLE,1657201192288955392,1C:2B:1A:96:34:7C,-67
BLE,1657201192306874975,1E:95:86:E5:03:6E,-41
BLE,1657201192314272111,C0:F8:BB:9D:12:93,-49
BLE,1657201192343136121,03:4C:A5:66:27:31,-85
BLE,1657201192355180913,4A:98:12:97:61:DA,-77
BLE,1657201192361797371,C0:F8:BB:9D:12:93,-48
BLE,1657201192379822527,7E:A1:B6:3A:23:D1,-82
BLE,1657201192386428830,1C:2B:1A:96:34:7C,-67
BLE,1657201192404401902,78:76:C3:4C:D7:3E,-77
BLE,1657201192411326069,1E:95:86:E5:03:6E,-37
BLE,1657201192414334871,C0:F8:BB:9D:12:93,-50
BLE,1657201192424145132,14:8C:2B:B5:4F:1C,-84
BLE,1657201192451843830,03:4C:A5:66:27:31,-84
BLE,1657201192454116538,4A:98:12:97:61:DA,-78
BLE,1657201192462152007,C0:F8:BB:9D:12:93,-49
BLE,1657201192485648986,1C:2B:1A:96:34:7C,-73
BLE,1657201192500191642,DF:A6:DC:DC:2E:81,-46
BLE,1657201192505279611,78:76:C3:4C:D7:3E,-72
BLE,1657201192515521121,C0:F8:BB:9D:12:93,-49
BLE,1657201192560456590,03:4C:A5:66:27:31,-85
BLE,1657201192588044975,7E:A1:B6:3A:23:D1,-82
BLE,1657201192609540913,78:76:C3:4C:D7:3E,-73
BLE,1657201192614321902,C0:F8:BB:9D:12:93,-49
BLE,1657201192621881850,1E:95:86:E5:03:6E,-48
BLE,1657201192661801173,03:4C:A5:66:27:31,-74
BLE,1657201192664477423,4A:98:12:97:61:DA,-57
BLE,1657201192680677944,1C:2B:1A:96:34:7C,-51
BLE,1657201192692328725,7E:A1:B6:3A:23:D1,-81
BLE,1657201192711608204,C0:F8:BB:9D:12:93,-49
BLE,1657201192718138934,78:76:C3:4C:D7:3E,-77
BLE,1657201192729357632,1E:95:86:E5:03:6E,-39
BLE,1657201192763438257,C0:F8:BB:9D:12:93,-49
BLE,1657201192768722736,03:4C:A5:66:27:31,-84
BLE,1657201192783210288,1C:2B:1A:96:34:7C,-66
BLE,1657201192791329350,7E:A1:B6:3A:23:D1,-82
BLE,1657201192814369142,C0:F8:BB:9D:12:93,-33
BLE,1657201192819547579,DF:A6:DC:DC:2E:81,-47
BLE,1657201192837750496,1E:95:86:E5:03:6E,-38
BLE,1657201192844801486,14:8C:2B:B5:4F:1C,-90
BLE,1657201192864251694,C0:F8:BB:9D:12:93,-49
BLE,1657201192888181902,1C:2B:1A:96:34:7C,-77
BLE,1657201192898057736,7E:A1:B6:3A:23:D1,-80
BLE,1657201192926687215,78:76:C3:4C:D7:3E,-71
BLE,1657201192940526017,1E:95:86:E5:03:6E,-23
BLE,1657201192965680704,C0:F8:BB:9D:12:93,-32
BLE,1657201192979312111,03:4C:A5:66:27:31,-71
BLE,1657201192987704298,1C:2B:1A:96:34:7C,-65
BLE,1657201193004301902,7E:A1:B6:3A:23:D1,-82
BLE,1657201193028960236,78:76:C3:4C:D7:3E,-76
BLE,1657201193030084506,DF:A6:DC:DC:2E:81,-52
BLE,1657201193039459715,1E:95:86:E5:03:6E,-37
BLE,1657201193062793308,C0:F8:BB:9D:12:93,-48
BLE,1657201193091931069,1C:2B:1A:96:34:7C,-79
BLE,1657201193112888829,C0:F8:BB:9D:12:93,-49
BLE,1657201193146818725,1E:95:86:E5:03:6E,-35
BLE,1657201193161925756,C0:F8:BB:9D:12:93,-49
BLE,1657201193184921642,03:4C:A5:66:27:31,-85
BLE,1657201193191924663,4A:98:12:97:61:DA,-78
BLE,1657201193196905861,1C:2B:1A:96:34:7C,-67
BLE,1657201193213777215,C0:F8:BB:9D:12:93,-49
BLE,1657201193248895183,1E:95:86:E5:03:6E,-48
BLE,1657201193260985183,C0:F8:BB:9D:12:93,-33
BLE,1657201193286244975,03:4C:A5:66:27:31,-71
BLE,1657201193292806433,4A:98:12:97:61:DA,-56
BLE,1657201193296968725,1C:2B:1A:96:34:7C,-66
BLE,1657201193314329350,C0:F8:BB:9D:12:93,-44
BLE,1657201193323270183,7E:A1:B6:3A:23:D1,-80
BLE,1657201193339096225,78:76:C3:4C:D7:3E,-72
BLE,1657201193344321902,DF:A6:DC:DC:2E:81,-52
BLE,1657201193354457527,1E:95:86:E5:03:6E,-37
BLE,1657201193363167371,C0:F8:BB:9D:12:93,-50
BLE,1657201193415223569,C0:F8:BB:9D:12:93,-49
BLE,1657201193442490912,DF:A6:DC:DC:2E:81,-47
BLE,1657201193447094558,78:76:C3:4C:D7:3E,-86
BLE,1657201193503474767,03:4C:A5:66:27:31,-83
BLE,1657201193510808933,C0:F8:BB:9D:12:93,-48
BLE,1657201193546951694,DF:A6:DC:DC:2E:81,-51
BLE,1657201193565064454,C0:F8:BB:9D:12:93,-34
BLE,1657201193571772787,1E:95:86:E5:03:6E,-38
BLE,1657201193602913256,4A:98:12:97:61:DA,-78
BLE,1657201193605079142,03:4C:A5:66:27:31,-82
BLE,1657201193613540756,C0:F8:BB:9D:12:93,-50
BLE,1657201193636194194,7E:A1:B6:3A:23:D1,-81
BLE,1657201193655207631,DF:A6:DC:DC:2E:81,-47
BLE,1657201193660192423,78:76:C3:4C:D7:3E,-75
BLE,1657201193671382579,1E:95:86:E5:03:6E,-37
BLE,1657201193694478881,1C:2B:1A:96:34:7C,-66
BLE,1657201193706729298,03:4C:A5:66:27:31,-82
BLE,1657201193774326173,1E:95:86:E5:03:6E,-23
BLE,1657201193797765444,1C:2B:1A:96:34:7C,-66
BLE,1657201193806830964,03:4C:A5:66:27:31,-84
BLE,1657201193813059194,C0:F8:BB:9D:12:93,-37
BLE,1657201193848054298,7E:A1:B6:3A:23:D1,-83
BLE,1657201193862791173,C0:F8:BB:9D:12:93,-49
BLE,1657201193870215808,DF:A6:DC:DC:2E:81,-46
BLE,1657201193901914714,1C:2B:1A:96:34:7C,-67
BLE,1657201193915383256,4A:98:12:97:61:DA,-78
BLE,1657201193916220860,03:4C:A5:66:27:31,-85
BLE,1657201193956832735,7E:A1:B6:3A:23:D1,-82
BLE,1657201193961837162,C0:F8:BB:9D:12:93,-33
BLE,1657201193969493204,78:76:C3:4C:D7:3E,-73
BLE,1657201193978651798,DF:A6:DC:DC:2E:81,-51
BLE,1657201194014150548,C0:F8:BB:9D:12:93,-50
BLE,1657201194017460444,03:4C:A5:66:27:31,-72
BLE,1657201194024468048,4A:98:12:97:61:DA,-78
BLE,1657201194088805027,14:8C:2B:B5:4F:1C,-72
BLE,1657201194109782006,1C:2B:1A:96:34:7C,-65
BLE,1657201194115845287,C0:F8:BB:9D:12:93,-50
BLE,1657201194126652839,03:4C:A5:66:27:31,-71
BLE,1657201194163395496,C0:F8:BB:9D:12:93,-33
BLE,1657201194178391016,78:76:C3:4C:D7:3E,-76
BLE,1657201194184247631,1E:95:86:E5:03:6E,-37
BLE,1657201194211333100,1C:2B:1A:96:34:7C,-66
BLE,1657201194215005808,C0:F8:BB:9D:12:93,-39
BLE,1657201194229899037,03:4C:A5:66:27:31,-82
BLE,1657201194231997631,4A:98:12:97:61:DA,-79
BLE,1657201194265672058,C0:F8:BB:9D:12:93,-50
BLE,1657201194272405235,7E:A1:B6:3A:23:D1,-80
BLE,1657201194286218725,1E:95:86:E5:03:6E,-41
BLE,1657201194289275079,DF:A6:DC:DC:2E:81,-67
BLE,1657201194313336433,C0:F8:BB:9D:12:93,-49
BLE,1657201194316886485,1C:2B:1A:96:34:7C,-66
BLE,1657201194334670964,03:4C:A5:66:27:31,-84
BLE,1657201194336846173,4A:98:12:97:61:DA,-78
BLE,1657201194363494350,C0:F8:BB:9D:12:93,-48
BLE,1657201194379885964,7E:A1:B6:3A:23:D1,-68
BLE,1657201194395909350,1E:95:86:E5:03:6E,-41
BLE,1657201194403396173,14:8C:2B:B5:4F:1C,-85
BLE,1657201194413214766,C0:F8:BB:9D:12:93,-49
BLE,1657201194461790183,C0:F8:BB:9D:12:93,-33
BLE,1657201194483970808,78:76:C3:4C:D7:3E,-71
BLE,1657201194486683725,7E:A1:B6:3A:23:D1,-82
BLE,1657201194514351954,1C:2B:1A:96:34:7C,-65
BLE,1657201194549851745,03:4C:A5:66:27:31,-83
BLE,1657201194564482579,C0:F8:BB:9D:12:93,-50
BLE,1657201194596144454,7E:A1:B6:3A:23:D1,-83
BLE,1657201194598050912,1E:95:86:E5:03:6E,-41
BLE,1657201194611696902,C0:F8:BB:9D:12:93,-48
BLE,1657201194643179454,4A:98:12:97:61:DA,-56
BLE,1657201194661850704,C0:F8:BB:9D:12:93,-48
BLE,1657201194702714662,1E:95:86:E5:03:6E,-37
BLE,1657201194705333100,DF:A6:DC:DC:2E:81,-47
BLE,1657201194710598360,1C:2B:1A:96:34:7C,-76
BLE,1657201194714203204,C0:F8:BB:9D:12:93,-50
BLE,1657201194720917422,14:8C:2B:B5:4F:1C,-84
BLE,1657201194765022058,C0:F8:BB:9D:12:93,-49
BLE,1657201194801484870,78:76:C3:4C:D7:3E,-70
BLE,1657201194810460652,1E:95:86:E5:03:6E,-38
BLE,1657201194815001902,DF:A6:DC:DC:2E:81,-30
BLE,1657201194829124402,14:8C:2B:B5:4F:1C,-86
BLE,1657201194853891068,4A:98:12:97:61:DA,-78
BLE,1657201194861734402,C0:F8:BB:9D:12:93,-48
BLE,1657201194913143724,1E:95:86:E5:03:6E,-40
BLE,1657201194924681745,DF:A6:DC:DC:2E:81,-50
BLE,1657201194953351172,4A:98:12:97:61:DA,-79
BLE,1657201194961858568,C0:F8:BB:9D:12:93,-34
BLE,1657201195012726433,1C:2B:1A:96:34:7C,-51
BLE,1657201195022032110,1E:95:86:E5:03:6E,-23
BLE,1657201195031675391,DF:A6:DC:DC:2E:81,-51
BLE,1657201195058197579,4A:98:12:97:61:DA,-78
BLE,1657201195063001537,C0:F8:BB:9D:12:93,-49
BLE,1657201195064980860,03:4C:A5:66:27:31,-86
BLE,1657201195108981954,1C:2B:1A:96:34:7C,-67
BLE,1657201195111952579,C0:F8:BB:9D:12:93,-49
BLE,1657201195116774818,7E:A1:B6:3A:23:D1,-82
BLE,1657201195125086068,1E:95:86:E5:03:6E,-38
BLE,1657201195133012526,DF:A6:DC:DC:2E:81,-46
BLE,1657201195160772162,4A:98:12:97:61:DA,-70
BLE,1657201195165945599,C0:F8:BB:9D:12:93,-50
BLE,1657201195208867578,1C:2B:1A:96:34:7C,-80
BLE,1657201195214959922,C0:F8:BB:9D:12:93,-32
BLE,1657201195226231433,7E:A1:B6:3A:23:D1,-83
BLE,1657201195233959610,78:76:C3:4C:D7:3E,-76
BLE,1657201195238935912,DF:A6:DC:DC:2E:81,-52
BLE,1657201195261682631,14:8C:2B:B5:4F:1C,-86
BLE,1657201195278524297,03:4C:A5:66:27:31,-85
BLE,1657201195311985860,C0:F8:BB:9D:12:93,-49
BLE,1657201195331846797,7E:A1:B6:3A:23:D1,-83
BLE,1657201195337118256,78:76:C3:4C:D7:3E,-88
BLE,1657201195340185391,1E:95:86:E5:03:6E,-41
BLE,1657201195348721641,DF:A6:DC:DC:2E:81,-51
BLE,1657201195362656381,C0:F8:BB:9D:12:93,-50
BLE,1657201195414150391,C0:F8:BB:9D:12:93,-50
BLE,1657201195436219401,7E:A1:B6:3A:23:D1,-79
BLE,1657201195454144505,DF:A6:DC:DC:2E:81,-47
BLE,1657201195466679662,4A:98:12:97:61:DA,-77
BLE,1657201195513947474,C0:F8:BB:9D:12:93,-49
BLE,1657201195521957526,1C:2B:1A:96:34:7C,-79
BLE,1657201195535129505,7E:A1:B6:3A:23:D1,-81
BLE,1657201195551348568,1E:95:86:E5:03:6E,-38
BLE,1657201195560774401,C0:F8:BB:9D:12:93,-50
BLE,1657201195569971328,14:8C:2B:B5:4F:1C,-76
BLE,1657201195575713047,4A:98:12:97:61:DA,-65
BLE,1657201195613768724,C0:F8:BB:9D:12:93,-50
BLE,1657201195627738985,1C:2B:1A:96:34:7C,-69
BLE,1657201195641228776,7E:A1:B6:3A:23:D1,-79
BLE,1657201195654512214,78:76:C3:4C:D7:3E,-69
BLE,1657201195657577995,DF:A6:DC:DC:2E:81,-47
BLE,1657201195665406537,C0:F8:BB:9D:12:93,-48
BLE,1657201195674678568,4A:98:12:97:61:DA,-77
BLE,1657201195748027578,7E:A1:B6:3A:23:D1,-82
BLE,1657201195763335547,C0:F8:BB:9D:12:93,-48
BLE,1657201195806779766,03:4C:A5:66:27:31,-84
BLE,1657201195814205547,C0:F8:BB:9D:12:93,-50
BLE,1657201195854389505,7E:A1:B6:3A:23:D1,-82
BLE,1657201195859418984,1E:95:86:E5:03:6E,-39
BLE,1657201195868548880,DF:A6:DC:DC:2E:81,-52
BLE,1657201195890241745,4A:98:12:97:61:DA,-77
BLE,1657201195914771068,C0:F8:BB:9D:12:93,-49
BLE,1657201195921373359,1C:2B:1A:96:34:7C,-68
BLE,1657201195961388776,7E:A1:B6:3A:23:D1,-82
BLE,1657201195964345964,C0:F8:BB:9D:12:93,-49
BLE,1657201195969270391,DF:A6:DC:DC:2E:81,-47
BLE,1657201196010534089,03:4C:A5:66:27:31,-83
BLE,1657201196018869401,1C:2B:1A:96:34:7C,-79
BLE,1657201196063507005,C0:F8:BB:9D:12:93,-49
BLE,1657201196068732422,7E:A1:B6:3A:23:D1,-80
BLE,1657201196071283099,1E:95:86:E5:03:6E,-37
BLE,1657201196075812370,DF:A6:DC:DC:2E:81,-46
BLE,1657201196097111901,4A:98:12:97:61:DA,-77
BLE,1657201196112738411,C0:F8:BB:9D:12:93,-49
BLE,1657201196121491016,1C:2B:1A:96:34:7C,-68
BLE,1657201196179336745,1E:95:86:E5:03:6E,-35
BLE,1657201196202821901,4A:98:12:97:61:DA,-77
BLE,1657201196211789401,C0:F8:BB:9D:12:93,-48
BLE,1657201196221998203,1C:2B:1A:96:34:7C,-79
BLE,1657201196263724349,C0:F8:BB:9D:12:93,-50
BLE,1657201196276862995,7E:A1:B6:3A:23:D1,-81
BLE,1657201196279523724,1E:95:86:E5:03:6E,-37
BLE,1657201196301873203,4A:98:12:97:61:DA,-82
BLE,1657201196311921016,C0:F8:BB:9D:12:93,-49
BLE,1657201196316039818,03:4C:A5:66:27:31,-84
BLE,1657201196325250599,1C:2B:1A:96:34:7C,-68
BLE,1657201196364257630,C0:F8:BB:9D:12:93,-49
BLE,1657201196378946588,78:76:C3:4C:D7:3E,-70
BLE,1657201196381890911,7E:A1:B6:3A:23:D1,-80
BLE,1657201196385612526,1E:95:86:E5:03:6E,-35
BLE,1657201196389979713,DF:A6:DC:DC:2E:81,-47
BLE,1657201196407276588,14:8C:2B:B5:4F:1C,-86
BLE,1657201196411823984,C0:F8:BB:9D:12:93,-48
BLE,1657201196461810286,C0:F8:BB:9D:12:93,-49
BLE,1657201196482649193,7E:A1:B6:3A:23:D1,-82
BLE,1657201196486935391,1E:95:86:E5:03:6E,-39
BLE,1657201196500082474,DF:A6:DC:DC:2E:81,-52
BLE,1657201196511692161,C0:F8:BB:9D:12:93,-49
BLE,1657201196517758515,4A:98:12:97:61:DA,-77
BLE,1657201196565593724,C0:F8:BB:9D:12:93,-49
BLE,1657201196585650130,7E:A1:B6:3A:23:D1,-80
BLE,1657201196595349974,1E:95:86:E5:03:6E,-37
BLE,1657201196616864713,4A:98:12:97:61:DA,-78
BLE,1657201196623221693,1C:2B:1A:96:34:7C,-63
BLE,1657201196633545078,03:4C:A5:66:27:31,-70
BLE,1657201196660928307,C0:F8:BB:9D:12:93,-33
BLE,1657201196685622318,7E:A1:B6:3A:23:D1,-81
BLE,1657201196689102474,78:76:C3:4C:D7:3E,-56
BLE,1657201196698885390,1E:95:86:E5:03:6E,-37
BLE,1657201196713033984,C0:F8:BB:9D:12:93,-50
BLE,1657201196717130078,4A:98:12:97:61:DA,-56
BLE,1657201196722278567,14:8C:2B:B5:4F:1C,-72
BLE,1657201196723887526,1C:2B:1A:96:34:7C,-66
BLE,1657201196763949557,C0:F8:BB:9D:12:93,-50
BLE,1657201196786900234,7E:A1:B6:3A:23:D1,-68
BLE,1657201196790248411,78:76:C3:4C:D7:3E,-63
BLE,1657201196811225547,DF:A6:DC:DC:2E:81,-51
BLE,1657201196814355703,C0:F8:BB:9D:12:93,-49
BLE,1657201196816867213,4A:98:12:97:61:DA,-77
BLE,1657201196827757317,1C:2B:1A:96:34:7C,-78
BLE,1657201196862132734,C0:F8:BB:9D:12:93,-48
BLE,1657201196887652838,7E:A1:B6:3A:23:D1,-81
BLE,1657201196893289349,78:76:C3:4C:D7:3E,-70
BLE,1657201196913891692,C0:F8:BB:9D:12:93,-49
BLE,1657201196923236432,4A:98:12:97:61:DA,-78
BLE,1657201196931509245,1C:2B:1A:96:34:7C,-68
BLE,1657201196954296172,03:4C:A5:66:27:31,-83
BLE,1657201196962317942,C0:F8:BB:9D:12:93,-49
BLE,1657201196994502682,78:76:C3:4C:D7:3E,-75
BLE,1657201197013534869,C0:F8:BB:9D:12:93,-65
BLE,1657201197020843984,1E:95:86:E5:03:6E,-35
BLE,1657201197023041172,DF:A6:DC:DC:2E:81,-46
BLE,1657201197029474297,1C:2B:1A:96:34:7C,-81
BLE,1657201197060536432,03:4C:A5:66:27:31,-84
BLE,1657201197094550130,78:76:C3:4C:D7:3E,-70
BLE,1657201197101907526,7E:A1:B6:3A:23:D1,-80
BLE,1657201197113812734,C0:F8:BB:9D:12:93,-48
BLE,1657201197128773151,1E:95:86:E5:03:6E,-35
BLE,1657201197131515338,1C:2B:1A:96:34:7C,-68
BLE,1657201197162062057,C0:F8:BB:9D:12:93,-49
BLE,1657201197200871119,78:76:C3:4C:D7:3E,-87
BLE,1657201197207518984,7E:A1:B6:3A:23:D1,-81
BLE,1657201197214599869,C0:F8:BB:9D:12:93,-49
BLE,1657201197229882942,DF:A6:DC:DC:2E:81,-46
BLE,1657201197232942005,4A:98:12:97:61:DA,-70
BLE,1657201197238241224,1C:2B:1A:96:34:7C,-66
BLE,1657201197265087786,C0:F8:BB:9D:12:93,-49
BLE,1657201197266254192,03:4C:A5:66:27:31,-86
BLE,1657201197306508307,78:76:C3:4C:D7:3E,-76
BLE,1657201197331055442,DF:A6:DC:DC:2E:81,-52
BLE,1657201197336985130,1C:2B:1A:96:34:7C,-68
BLE,1657201197373063515,03:4C:A5:66:27:31,-83
BLE,1657201197410370286,78:76:C3:4C:D7:3E,-70
BLE,1657201197412524348,7E:A1:B6:3A:23:D1,-81
BLE,1657201197434511015,DF:A6:DC:DC:2E:81,-47
BLE,1657201197440142005,1E:95:86:E5:03:6E,-37
BLE,1657201197441979348,1C:2B:1A:96:34:7C,-65
BLE,1657201197463283151,C0:F8:BB:9D:12:93,-49
BLE,1657201197476236432,03:4C:A5:66:27:31,-87
BLE,1657201197514263098,C0:F8:BB:9D:12:93,-48
BLE,1657201197517962942,78:76:C3:4C:D7:3E,-85
BLE,1657201197540898776,4A:98:12:97:61:DA,-79
BLE,1657201197544458880,1E:95:86:E5:03:6E,-39
BLE,1657201197547766848,1C:2B:1A:96:34:7C,-78
BLE,1657201197556741380,14:8C:2B:B5:4F:1C,-85
BLE,1657201197562324453,C0:F8:BB:9D:12:93,-49
BLE,1657201197576844713,03:4C:A5:66:27:31,-84
BLE,1657201197614235494,C0:F8:BB:9D:12:93,-49
BLE,1657201197622514557,7E:A1:B6:3A:23:D1,-80
BLE,1657201197623895859,78:76:C3:4C:D7:3E,-76
BLE,1657201197636674557,DF:A6:DC:DC:2E:81,-46
BLE,1657201197647038046,4A:98:12:97:61:DA,-78
BLE,1657201197651985338,1C:2B:1A:96:34:7C,-67
BLE,1657201197663601536,C0:F8:BB:9D:12:93,-49
BLE,1657201197724588255,78:76:C3:4C:D7:3E,-72
BLE,1657201197747928567,4A:98:12:97:61:DA,-70
BLE,1657201197750258932,1E:95:86:E5:03:6E,-39
BLE,1657201197754489453,1C:2B:1A:96:34:7C,-67
BLE,1657201197764170807,C0:F8:BB:9D:12:93,-48
BLE,1657201197783759817,03:4C:A5:66:27:31,-84
BLE,1657201197811326484,C0:F8:BB:9D:12:93,-48
BLE,1657201197838585025,DF:A6:DC:DC:2E:81,-47
BLE,1657201197851681015,4A:98:12:97:61:DA,-78
BLE,1657201197858998202,1E:95:86:E5:03:6E,-39
BLE,1657201197863263411,C0:F8:BB:9D:12:93,-50
BLE,1657201197872451536,14:8C:2B:B5:4F:1C,-86
BLE,1657201197891828307,03:4C:A5:66:27:31,-82
BLE,1657201197912633202,C0:F8:BB:9D:12:93,-48
BLE,1657201197957776171,1C:2B:1A:96:34:7C,-68
BLE,1657201197959507786,4A:98:12:97:61:DA,-78
BLE,1657201197991844765,03:4C:A5:66:27:31,-84
BLE,1657201198011850025,C0:F8:BB:9D:12:93,-49
BLE,1657201198036937577,7E:A1:B6:3A:23:D1,-71
BLE,1657201198048066692,DF:A6:DC:DC:2E:81,-51
BLE,1657201198061519765,1C:2B:1A:96:34:7C,-78
BLE,1657201198063163411,C0:F8:BB:9D:12:93,-50
BLE,1657201198067125338,4A:98:12:97:61:DA,-70
BLE,1657201198069381067,1E:95:86:E5:03:6E,-35
BLE,1657201198073569244,14:8C:2B:B5:4F:1C,-86
BLE,1657201198093079348,03:4C:A5:66:27:31,-82
BLE,1657201198114313879,C0:F8:BB:9D:12:93,-49
BLE,1657201198139026900,78:76:C3:4C:D7:3E,-76
BLE,1657201198141230963,7E:A1:B6:3A:23:D1,-81
BLE,1657201198156581015,DF:A6:DC:DC:2E:81,-46
BLE,1657201198163906692,1C:2B:1A:96:34:7C,-66
BLE,1657201198171504609,1E:95:86:E5:03:6E,-37
BLE,1657201198176681640,4A:98:12:97:61:DA,-70
BLE,1657201198243090702,7E:A1:B6:3A:23:D1,-68
BLE,1657201198256987994,DF:A6:DC:DC:2E:81,-46
BLE,1657201198264023515,1C:2B:1A:96:34:7C,-79
BLE,1657201198276430806,1E:95:86:E5:03:6E,-35
BLE,1657201198296134504,03:4C:A5:66:27:31,-83
BLE,1657201198314223150,C0:F8:BB:9D:12:93,-50
BLE,1657201198343938931,78:76:C3:4C:D7:3E,-75
BLE,1657201198351327317,7E:A1:B6:3A:23:D1,-82
BLE,1657201198362781171,1C:2B:1A:96:34:7C,-67
BLE,1657201198364385598,DF:A6:DC:DC:2E:81,-52
BLE,1657201198379503046,1E:95:86:E5:03:6E,-41
BLE,1657201198384095077,4A:98:12:97:61:DA,-78
BLE,1657201198386817056,14:8C:2B:B5:4F:1C,-84
BLE,1657201198453254556,78:76:C3:4C:D7:3E,-75
BLE,1657201198459408098,7E:A1:B6:3A:23:D1,-82
BLE,1657201198462382161,C0:F8:BB:9D:12:93,-49
BLE,1657201198466527317,1C:2B:1A:96:34:7C,-79
BLE,1657201198470726744,DF:A6:DC:DC:2E:81,-47
BLE,1657201198481658202,1E:95:86:E5:03:6E,-31
BLE,1657201198484198463,4A:98:12:97:61:DA,-78
BLE,1657201198499850129,03:4C:A5:66:27:31,-83
BLE,1657201198513343150,C0:F8:BB:9D:12:93,-50
BLE,1657201198553404869,78:76:C3:4C:D7:3E,-86
BLE,1657201198565952108,C0:F8:BB:9D:12:93,-49
BLE,1657201198579652369,DF:A6:DC:DC:2E:81,-47
BLE,1657201198612974348,C0:F8:BB:9D:12:93,-50
BLE,1657201198658284192,78:76:C3:4C:D7:3E,-75
BLE,1657201198663252056,1C:2B:1A:96:34:7C,-54
BLE,1657201198689626796,1E:95:86:E5:03:6E,-37
BLE,1657201198697139660,4A:98:12:97:61:DA,-70
BLE,1657201198704890650,03:4C:A5:66:27:31,-82
BLE,1657201198763467838,C0:F8:BB:9D:12:93,-49
BLE,1657201198784144504,DF:A6:DC:DC:2E:81,-47
BLE,1657201198793151015,1E:95:86:E5:03:6E,-38
BLE,1657201198815172108,C0:F8:BB:9D:12:93,-49
BLE,1657201198863998410,C0:F8:BB:9D:12:93,-49
BLE,1657201198882521640,7E:A1:B6:3A:23:D1,-80
BLE,1657201198887167733,DF:A6:DC:DC:2E:81,-47
BLE,1657201198896557213,1E:95:86:E5:03:6E,-41
BLE,1657201198910471483,4A:98:12:97:61:DA,-69
BLE,1657201198913614504,C0:F8:BB:9D:12:93,-49
BLE,1657201198916269140,03:4C:A5:66:27:31,-72
BLE,1657201198964571640,C0:F8:BB:9D:12:93,-44
BLE,1657201198988814921,7E:A1:B6:3A:23:D1,-82
BLE,1657201198995602056,DF:A6:DC:DC:2E:81,-35
BLE,1657201199002923931,1E:95:86:E5:03:6E,-23
BLE,1657201199064852212,C0:F8:BB:9D:12:93,-49
BLE,1657201199070622421,78:76:C3:4C:D7:3E,-88
BLE,1657201199103562890,DF:A6:DC:DC:2E:81,-51
BLE,1657201199108827837,1E:95:86:E5:03:6E,-38
BLE,1657201199111795285,C0:F8:BB:9D:12:93,-34
BLE,1657201199117255546,4A:98:12:97:61:DA,-79
BLE,1657201199126113462,03:4C:A5:66:27:31,-84
BLE,1657201199162310285,C0:F8:BB:9D:12:93,-49
BLE,1657201199209310650,DF:A6:DC:DC:2E:81,-47
BLE,1657201199216000962,C0:F8:BB:9D:12:93,-49
BLE,1657201199218162212,1E:95:86:E5:03:6E,-38
BLE,1657201199221455129,4A:98:12:97:61:DA,-77
BLE,1657201199233772421,03:4C:A5:66:27:31,-72
BLE,1657201199265233358,C0:F8:BB:9D:12:93,-48
BLE,1657201199270765442,1C:2B:1A:96:34:7C,-68
BLE,1657201199286555181,78:76:C3:4C:D7:3E,-76
BLE,1657201199306277004,7E:A1:B6:3A:23:D1,-80
BLE,1657201199317861223,DF:A6:DC:DC:2E:81,-47
BLE,1657201199326426796,1E:95:86:E5:03:6E,-41
BLE,1657201199341246327,03:4C:A5:66:27:31,-84
BLE,1657201199361702889,C0:F8:BB:9D:12:93,-49
BLE,1657201199376542108,1C:2B:1A:96:34:7C,-67
BLE,1657201199408179869,7E:A1:B6:3A:23:D1,-82
BLE,1657201199413151223,C0:F8:BB:9D:12:93,-44
BLE,1657201199426721379,4A:98:12:97:61:DA,-79
BLE,1657201199435367108,1E:95:86:E5:03:6E,-41
BLE,1657201199445610702,03:4C:A5:66:27:31,-83
BLE,1657201199464029869,C0:F8:BB:9D:12:93,-50
BLE,1657201199480293046,1C:2B:1A:96:34:7C,-66
BLE,1657201199487804921,78:76:C3:4C:D7:3E,-75
BLE,1657201199513123306,C0:F8:BB:9D:12:93,-33
BLE,1657201199527119869,4A:98:12:97:61:DA,-70
BLE,1657201199536773931,14:8C:2B:B5:4F:1C,-85
BLE,1657201199540440702,1E:95:86:E5:03:6E,-23
BLE,1657201199564132525,C0:F8:BB:9D:12:93,-49
BLE,1657201199577804764,1C:2B:1A:96:34:7C,-50
BLE,1657201199612334921,C0:F8:BB:9D:12:93,-49
BLE,1657201199637041848,DF:A6:DC:DC:2E:81,-41
BLE,1657201199664262785,C0:F8:BB:9D:12:93,-50
BLE,1657201199693287941,78:76:C3:4C:D7:3E,-76
BLE,1657201199714000806,C0:F8:BB:9D:12:93,-49
BLE,1657201199723191014,7E:A1:B6:3A:23:D1,-82
BLE,1657201199738818723,DF:A6:DC:DC:2E:81,-51
BLE,1657201199779072316,1C:2B:1A:96:34:7C,-65
BLE,1657201199814539087,C0:F8:BB:9D:12:93,-49
BLE,1657201199829367681,7E:A1:B6:3A:23:D1,-80
BLE,1657201199841389087,DF:A6:DC:DC:2E:81,-46
BLE,1657201199843379556,4A:98:12:97:61:DA,-70
BLE,1657201199846109608,14:8C:2B:B5:4F:1C,-73
BLE,1657201199855447629,1E:95:86:E5:03:6E,-35
BLE,1657201199863100806,C0:F8:BB:9D:12:93,-50
BLE,1657201199876558879,1C:2B:1A:96:34:7C,-70
BLE,1657201199915605389,C0:F8:BB:9D:12:93,-49
BLE,1657201199928902316,7E:A1:B6:3A:23:D1,-82
BLE,1657201199952960806,4A:98:12:97:61:DA,-56
BLE,1657201199963184139,1E:95:86:E5:03:6E,-38
BLE,1657201200013503775,C0:F8:BB:9D:12:93,-33